102,FLORIANO PEIXOTO,1834,1,3,,,,,,,,,,,,,,-721.451.997.756.958,-35.873.102.964.833.300
103,FLORIANO PEIXOTO,1726 - OPOSTO,1,3,,,,,,,,,,,,,,-7.214.802.028.611.300,-35.874.166.963.621.900
104,FLORIANO PEIXOTO,1461,1,3,,,,,,,,,,,,,,-721.587.298.437.953,-35.876.393.029.466.200
150,MININISTRO JOSE AMERICO DE ALMEIDA,141,5,3,303,55,505,555,,,,,,,,,,-7.219.708.962.365.980,-35.873.210.001.736.800
331,SANTO ANTONIO,259 - OPOSTO,3,3,303,333,,,,,,,,,,,,-7.216.226.030.141.110,-35.864.787.027.239.700
423,JOANA D'ARC,882,3,3,555,550,,,,,,,,,,,,-7.222.027.983.516.450,-35.868.994.994.089.000
437,CAMPO SALES,ABRIGO JOSE PINHEIRO,5,3,303,55,505,555,,,,,,,,,,-7.221.770.994.365.210,-35.873.553.995.043.000
438,MAXIMINIANO MACHADO,298,5,3,303,55,505,555,,,,,,,,,,-7.221.141.010.522.840,-35.872.511.034.831.400
94,FLORIANO PEIXOTO,PREFEITURA,4,4,404,400,444,,,,,,,,,,SIM,-7.219.176.962.971.680,-35.883.015.990.257.200
108,FLORIANO PEIXOTO,289E,4,4,404,444,945,,,,,,,,,,,-722.042.603.418.231,-35.886.013.023.555.200
235,VIGARIO CALIXTO,TUBOS NOGUEIRA - OPOSTO,2,4,404,,,,,,,,,,,,,-7.238.690.033.555.030,-35.879.370.030.015.700
236,VIGARIO CALIXTO,1530,2,4,404,,,,,,,,,,,,,-7.240.892.965.346.570,-35.879.246.983.677.100
237,VIGARIO CALIXTO,MATERIAL DE CONSTRUCAO,2,4,404,,,,,,,,,,,,,-7.243.379.959.836.600,-35.879.129.972.308.800
238,VIGARIO CALIXTO,1964,2,4,404,,,,,,,,,,,,,-7.245.234.958.827.490,-35.879.092.002.287.500
239,VIGARIO CALIXTO,2158,2,4,404,,,,,,,,,,,,,-7.247.305.037.453.770,-35.879.201.972.857.100
240,VIGARIO CALIXTO,2394,2,4,404,,,,,,,,,,,,,-7.249.227.007.851.000,-35.879.053.026.437.700
241,VIGARIO CALIXTO,PROJETOS VISUAIS,2,4,404,,,,,,,,,,,,,-7.251.048.982.143.400,-35.878.885.975.107.500
242,VIGARIO CALIXTO,3800,3,4,404,444,,,,,,,,,,,SIM,-7.254.010.979.086.160,-35.878.914.976.492.500
244,SATURNINO DE BRITO FILHO,825 - OPOSTO,2,4,404,,,,,,,,,,,,,-7.251.272.024.586.790,-35.878.274.012.356.900
245,SATURNINO DE BRITO FILHO,1091 - OPOSTO,2,4,404,,,,,,,,,,,,,-7.250.847.984.105.340,-35.876.017.017.289.900
246,SATURNINO DE BRITO FILHO,1444,2,4,404,,,,,,,,,,,,,-7.250.231.998.041.270,-35.872.725.024.819.300
249,ELPÍDIO DE ALMEIDA,LOJAO PARA,1,4,,,,,,,,,,,,,,-7.241.154.983.639.710,-35.874.851.010.739.800
250,ELPÍDIO DE ALMEIDA,POLIVALENTE,3,4,404,245,,,,,,,,,,,SIM,-7.238.157.028.332.350,-35.875.644.022.598.800
251,ELPÍDIO DE ALMEIDA,1152 - OPOSTO,3,4,404,245,,,,,,,,,,,SIM,-7.235.718.984.156.840,-35.876.335.026.696.300
263,SATURNINO DE BRITO FILHO,1405,1,4,,,,,,,,,,,,,,-7.250.100.988.894.700,-35.872.756.959.870.400
264,SATURNINO DE BRITO FILHO,850 - OPOSTO,1,4,,,,,,,,,,,,,,-7.251.102.039.590.470,-35.877.794.986.590.700
265,VIGARIO CALIXTO,2077,2,4,444,,,,,,,,,,,,SIM,-7.250.905.986.875.290,-35.878.768.963.739.200
266,VIGARIO CALIXTO,2471,2,4,444,,,,,,,,,,,,SIM,-7.249.239.999.800.920,-35.878.997.035.324.500
267,VIGARIO CALIXTO,COMPLEXO ALVORADA - OPOSTO,2,4,444,,,,,,,,,,,,,-7.247.753.972.187.630,-35.879.081.021.994.300
268,VIGARIO CALIXTO,1966 - OPOSTO,2,4,444,,,,,,,,,,,,SIM,-7.244.409.006.088.970,-35.878.945.989.534.200
269,VIGARIO CALIXTO,1445A,2,4,444,,,,,,,,,,,,,-7.240.526.005.625.720,-35.879.170.959.815.300
276,PAULO DE FRONTEIN,ANTIGA CARANGUEJO,2,4,245,,,,,,,,,,,,SIM,-7.227.659.029.886.120,-3.588.421.099.819.240
277,MIGUEL COUTO,CAVESA,1,4,,,,,,,,,,,,,,-7.225.443.022.325.630,-35.884.409.984.573.700
278,MIGUEL COUTO,UNESC,1,4,,,,,,,,,,,,,,-7.223.272.025.585.170,-3.588.384.797.796.600
305,CONSUL JOSEPH NOUJUAIN HABIB NACAD,GRANVIDROS - OPOSTO,1,4,,,,,,,,,,,,,,-7.241.425.970.569.250,-35.883.821.994.066.200
306,CONSUL JOSEPH NOUJUAIN HABIB NACAD,MARABA,1,4,,,,,,,,,,,,,,-7.239.988.977.089.520,-35.883.645.974.099.600
307,CONSUL JOSEPH NOUJUAIN HABIB NACAD,MPF,1,4,,,,,,,,,,,,,SIM,-7.237.816.974.520.680,-35.883.771.032.094.900
308,CONSUL JOSEPH NOUJUAIN HABIB NACAD,PANIFICADORA,1,4,,,,,,,,,,,,,SIM,-7.235.904.978.588.220,-35.883.895.000.442.800
309,CONSUL JOSEPH NOUJUAIN HABIB NACAD,CONDOMÍNIO,1,4,,,,,,,,,,,,,,-7.235.880.000.516.770,-35.884.174.033.999.400
310,CONSUL JOSEPH NOUJUAIN HABIB NACAD,POSTO - OPOSTO,1,4,,,,,,,,,,,,,,-7.238.069.018.349.050,-35.884.052.999.317.600
311,CONSUL JOSEPH NOUJUAIN HABIB NACAD,GRANVIDROS,1,4,,,,,,,,,,,,,,-7.241.297.978.907.820,-35.884.092.980.995.700
324,JOAO QUIRINO,78,1,4,,,,,,,,,,,,,,-7.235.311.958.938.830,-35.882.791.019.976.100
325,JOAO QUIRINO,528,1,4,,,,,,,,,,,,,,-7.235.163.012.519.470,-35.880.266.977.474.000
326,JOAO QUIRINO,706,2,4,245,,,,,,,,,,,,,-7.235.107.021.406.290,-35.878.808.023.408.000
327,JOAO QUIRINO,CENTRAL DE POLÍCIA,2,4,245,,,,,,,,,,,,,-7.233.825.009.316.200,-35.874.018.017.202.600
344,JOAO QUIRINO,CENTRAL DE POLÍCIA - OPOSTO,2,4,245,,,,,,,,,,,,SIM,-7.233.548.993.244.760,-35.873.816.013.336.100
345,JOAO QUIRINO,1060 - OPOSTO,2,4,245,,,,,,,,,,,,,-7.234.731.009.230.010,-3.587.572.599.761.180
346,JOAO QUIRINO,690 - OPOSTO,2,4,245,,,,,,,,,,,,,-7.234.984.980.896.110,-35.878.920.005.634.400
347,JOAO QUIRINO,260,1,4,,,,,,,,,,,,,,-7.235.106.015.577.910,-35.880.814.986.303.400
348,JOAO QUIRINO,ESCRITORIO DE ADVOCACIA,1,4,,,,,,,,,,,,,,-7.235.196.037.217.970,-35.882.698.986.679.300
353,VIDAL DE NEGREIROS,51,1,4,,,,,,,,,,,,,,-7.220.756.029.710.170,-35.882.995.035.499.300
567,FLORIANO PEIXOTO,PREFEITURA,4,4,404,400,444,,,,,,,,,,SIM,-7.219.176.962.971.680,-35.883.015.990.257.200
568,FLORIANO PEIXOTO,PREFEITURA,4,4,404,400,444,,,,,,,,,,SIM,-7.219.176.962.971.680,-35.883.015.990.257.200
581,VIGARIO CALIXTO,3800,3,4,404,444,,,,,,,,,,,SIM,-7.254.010.979.086.160,-35.878.914.976.492.500
723,LUIZ SODRE FILHO,435,1,4,,,,,,,,,,,,,,-7.244.320.996.105.670,-35.877.939.993.515.600
724,LUIZ SODRE FILHO,01 - OPOSTO,1,4,,,,,,,,,,,,,SIM,-724.455.401.301.384,-3.587.570.495.903.490
725,LUIZ SODRE FILHO,18 - OPOSTO,1,4,,,,,,,,,,,,,,-7.244.596.006.348.720,-35.874.790.996.313.000
727,ANTONIO GUEDES DE ANDRADE,103 - VIZINHO,1,4,,,,,,,,,,,,,,-7.227.818.034.589.290,-35.880.234.036.594.600
728,PAULO DE FRONTEIN,SESC - OPOSTO,1,4,,,,,,,,,,,,,SIM,-7.227.791.966.870.420,-3.588.231.903.500.850
733,OTACILIO NEPOMUCENO,OC CONTABILIDADE - OPOSTO,1,4,,,,,,,,,,,,,,-7.229.913.007.467.980,-3.587.634.801.864.620
734,OTACILIO NEPOMUCENO,AUTOMOTIVA - OPOSTO,1,4,,,,,,,,,,,,,SIM,-7.231.164.006.516.330,-35.875.320.984.050.600
735,OTACILIO NEPOMUCENO,490,1,4,,,,,,,,,,,,,,-7.232.483.988.627.790,-3.587.424.399.331.210
736,DOUTOR JOAO PEQUENO,32,1,4,,,,,,,,,,,,,,-7.233.873.037.621.370,-35.876.737.022.772.400
737,LUIZ SODRE FILHO,12,1,4,,,,,,,,,,,,,,-7.244.528.029.114.000,-35.874.537.024.646.900
738,LUIZ SODRE FILHO,276,1,4,,,,,,,,,,,,,,-7.244.337.005.540.720,-35.876.901.978.626.800
739,VALDEMIRA EMILIA PINTO,57,1,4,,,,,,,,,,,,,,-7.242.151.005.193.590,-35.879.685.021.936.800
740,VALDEMIRA EMILIA PINTO,20,1,4,,,,,,,,,,,,,,-7.242.128.038.778.900,-35.879.564.993.083.400
741,VALDEMIRA EMILIA PINTO,200 - VIZINHO,1,4,,,,,,,,,,,,,,-7.242.229.962.721.460,-35.881.874.961.778.500
742,VALDEMIRA EMILIA PINTO,201 - VIZINHO,1,4,,,,,,,,,,,,,,-7.242.247.983.813.280,-35.881.776.977.330.400
743,APRIGIO FERREIRA LEITE,265 - OPOSTO,1,4,,,,,,,,,,,,,,-724.395.596.422.255,-35.882.134.968.414.900
744,APRIGIO FERREIRA LEITE,392,1,4,,,,,,,,,,,,,,-7.245.232.025.161.380,-35.882.132.034.748.700
745,ALDERICO PESSOA DE OLIVEIRA,MERCADO NOVA OLINDA,1,4,,,,,,,,,,,,,,-7.246.636.999.770.990,-358.842.539.973.557
746,ALDERICO PESSOA DE OLIVEIRA,795 - OPOSTO,1,4,,,,,,,,,,,,,,-7.249.334.966.763.850,-35.884.023.997.932.600
747,MANOEL ALVES DE OLIVEIRA,230 - OPOSTO,1,4,,,,,,,,,,,,,,-72.504.429.705.441,-35.884.131.034.836.100
748,MANOEL PAULINO,155 - OPOSTO,1,4,,,,,,,,,,,,,,-725.235.496.647.656,-35.885.352.026.671.100
749,VINTE E QUATRO DE MAIO,1673 - OPOSTO,1,4,,,,,,,,,,,,,,-7.252.971.958.369.010,-35.885.775.983.333.500
751,VINTE E QUATRO DE MAIO,SO TURBINAS - OPOSTO,1,4,,,,,,,,,,,,,,-7.255.810.992.792.240,-35.885.697.025.805.700
752,SEVERINO GONCALVES DE MENEZES,118,1,4,,,,,,,,,,,,,,-7.255.844.017.490.740,-35.884.861.014.783.300
753,JOAO WALLIG,AMERICAN FLEX,1,4,,,,,,,,,,,,,,-7.257.115.971.297.020,-3.588.399.600.237.600
754,JOAO WALLIG,TESS,1,4,,,,,,,,,,,,,,-7.256.604.004.651.300,-35.879.541.020.840.400
756,VINTE E QUATRO DE MAIO,1879,1,4,,,,,,,,,,,,,,-7.254.385.985.434.050,-35.885.698.031.634.000
757,MANOEL PAULINO,275,1,4,,,,,,,,,,,,,,-725.192.598.067.224,-35.885.357.977.822.400
758,MANOEL ALVES DE OLIVEIRA,98,1,4,,,,,,,,,,,,,,-7.250.823.006.033.890,-35.885.422.015.562.600
762,APRIGIO FERREIRA LEITE,265D,1,4,,,,,,,,,,,,,,-724.365.396.425.128,-35.882.026.003.673.600
763,LUIZA BEZERRA MOTTA,666,1,4,,,,,,,,,,,,,,-7.238.247.971.981.760,-35.881.915.027.275.600
764,LUIZA BEZERRA MOTTA,MOTIVA,1,4,,,,,,,,,,,,,SIM,-7.238.413.011.655.210,-35.882.294.978.946.400
796,LUIZA BEZERRA MOTTA,FUNDACAO SUELLEN CAROLINE,1,4,,,,,,,,,,,,,,-7.238.135.989.755.390,-35.880.064.973.607.600
797,MANOEL CARDOSO PALHANO,FACISA,1,4,,,,,,,,,,,,,SIM,-7.249.601.008.370.510,-35.870.127.975.940.700
798,MARIA DA GUIA COSTA FIGUEIREDO,101,1,4,,,,,,,,,,,,,,-7.248.500.967.398.280,-35.870.216.991.752.300
802,CHILE,123,1,4,,,,,,,,,,,,,,-7.244.587.959.721.680,-35.874.795.019.626.600
421,TAVARES CAVALCANTE,454 - OPOSTO,7,9,910,92,333,505,3,555,,,,,,,,-7.217.519.022.524.350,-35.877.950.973.808.700
422,TAVARES CAVALCANTE,599 - OPOSTO,7,9,910,92,333,505,3,555,,,,,,,,-7.217.808.030.545.710,-3.587.673.501.111.560
97,FLORIANO PEIXOTO,PAGUE FACIL,5,20,263,300,303,333,,,,,,,,,,-7.218.267.023.563.380,-3.588.107.499.293.980
877,JOAQUIM AMORIM JUNIOR,462,1,20,,,,,,,,,,,,,,-722.637.701.779.604,-35.922.040.035.948.100
878,VICENTE GOMES DE ALMEIDA,1192 - OPOSTO,1,20,,,,,,,,,,,,,,-7.225.336.991.250.510,-35.925.953.965.634.100
880,VICENTE GOMES DE ALMEIDA,735,1,20,,,,,,,,,,,,,,-722.085.895.948.112,-35.925.834.020.599.700
881,VICENTE GOMES DE ALMEIDA,617 - VIZINHO,1,20,,,,,,,,,,,,,,-7.218.956.016.004.080,-35.925.779.035.314.900
883,ARQUELAU DA COSTA GUIMARAES,150,1,20,,,,,,,,,,,,,,-7.218.801.034.614.440,-35.929.471.012.204.800
884,PLINIO LEMOS,2230,1,20,,,,,,,,,,,,,,-721.778.498.031.199,-35.929.620.964.452.600
99,FLORIANO PEIXOTO,1044,4,22,220,222,202,,,,,,,,,,,-7.217.688.001.692.290,-35.879.819.970.577.900
124,FLORIANO PEIXOTO,8,2,22,66,,,,,,,,,,,,SIM,-7.237.103.004.008.530,-35.922.850.985.080.000
125,FLORIANO PEIXOTO,14B,2,22,66,,,,,,,,,,,,SIM,-7.236.501.015.722.750,-35.921.370.992.437.000
126,FLORIANO PEIXOTO,MEGA NORDESTE,2,22,66,,,,,,,,,,,,SIM,-7.235.221.015.289.420,-35.918.448.977.172.300
127,FLORIANO PEIXOTO,FAVELA DO PAPELAO,2,22,66,,,,,,,,,,,,,-7.233.501.970.767.970,-35.914.534.041.658.000
128,FLORIANO PEIXOTO,RHEMA,2,22,66,,,,,,,,,,,,SIM,-7.232.992.015.779.010,-35.913.394.019.007.600
771,DINAMERICA ALVES CORREA,470,2,22,222,,,,,,,,,,,,,-7.232.331.018.894.910,-35.910.483.989.864.500
772,DINAMERICA ALVES CORREA,AUTOESCOLA SANTO ANDRE,2,22,222,,,,,,,,,,,,SIM,-7.235.858.961.939.810,-35.910.857.990.384.100
773,DINAMERICA ALVES CORREA,ARMAZEM DO CIMENTO,2,22,222,,,,,,,,,,,,SIM,-7.237.886.041.402.810,-359.110.670.350.492
774,DINAMERICA ALVES CORREA,THERMO INJET,2,22,222,,,,,,,,,,,,SIM,-7.240.117.974.579.330,-35.911.299.968.138.300
775,DINAMERICA ALVES CORREA,ESCOLA JARDIM MARAVILHA,2,22,202,,,,,,,,,,,,,-7.241.653.958.335.510,-35.911.460.984.498.200
776,DINAMERICA ALVES CORREA,JC ROCHA,2,22,202,,,,,,,,,,,,SIM,-7.244.628.025.218.840,-35.911.710.010.841.400
835,TRANQUILINO COELHO LEMOS,500,1,22,,,,,,,,,,,,,,-7.237.362.004.816.530,-35.917.990.989.983.000
836,JOSE AGOSTINHO DO NASCIMENTO,669 - OPOSTO,1,22,,,,,,,,,,,,,,-7.241.079.965.606.330,-35.917.826.034.128.600
837,TRANQUILINO COELHO LEMOS,IFPB,1,22,,,,,,,,,,,,,SIM,-7.240.078.998.729.580,-35.916.682.993.993.100
838,TRANQUILINO COELHO LEMOS,EMPRESA NACIONAL,1,22,,,,,,,,,,,,,,-7.237.577.000.632.880,-35.917.726.960.033.100
750,VINTE E QUATRO DE MAIO,1869 - OPOSTO,1,44,,,,,,,,,,,,,,-7.254.261.011.257.760,-35.885.755.028.575.600
755,RITA ALVES RAMOS,772,1,44,,,,,,,,,,,,,,-7.256.088.014.692.060,-35.884.013.017.639.500
759,ALDERICO PESSOA DE OLIVEIRA,642 - OPOSTO,1,44,,,,,,,,,,,,,SIM,-7.247.812.980.785.960,-35.884.091.975.167.300
760,HUMBERTO BATISTA LIMA,39,1,44,,,,,,,,,,,,,,-7.245.686.994.865.530,-35.882.444.009.184.800
761,APRIGIO FERREIRA LEITE,404 - OPOSTO,1,44,,,,,,,,,,,,,,-7.245.345.013.216.130,-35.882.027.009.502.000
6,BR-230,560,3,55,550,955,,,,,,,,,,,SIM,-7.237.944.966.182.110,-35.866.168.029.606.300
7,BR-230,IGREJA PETENCOSTAL,3,55,550,955,,,,,,,,,,,SIM,-7.238.891.031.593.080,-35.864.332.979.544.900
8,SAO LUIS,154,2,55,550,,,,,,,,,,,,,-724.012.803.286.314,-35.862.023.010.849.900
9,JOSELITA BRASILEIRO,137 - OPOSTO,2,55,550,,,,,,,,,,,,,-7.240.329.030.901.190,-35.863.694.027.066.200
10,RANULFO GOMES DE ARAUJO,208,2,55,550,,,,,,,,,,,,,-7.240.374.041.721.220,-35.865.807.021.036.700
107,ANTONIO JOSE RODRIGUES,292 - OPOSTO,1,55,,,,,,,,,,,,,,-7.232.785.988.599.060,-35.865.275.021.642.400
121,ANTONIO JOSE RODRIGUES,45,1,55,,,,,,,,,,,,,,-7.231.111.032.888.290,-3.586.670.002.900.060
134,DOM BOSCO,LANCHONETE,1,55,,,,,,,,,,,,,,-7.227.057.041.600.340,-35.870.165.023.952.700
140,FLORIANO PEIXOTO,PRACA CLEMENTINO PROCOPIO,9,55,500,505,550,555,303,333,300,3,,,,,SIM,-721.965.498.290.956,-3.588.401.997.461.910
213,JILO GUEDES,POSTO ALE,3,55,92,404,,,,,,,,,,,SIM,-7.221.491.960.808.630,-35.875.405.976.548.700
328,RAIMUNDO NONATO,40,2,55,505,,,,,,,,,,,,SIM,-7.225.745.022.296.900,-35.868.169.041.350.400
329,RAIMUNDO NONATO,213,2,55,505,,,,,,,,,,,,,-7.223.816.011.101.000,-35.868.123.024.702.000
428,TERMINAL RODOVIARIO ARGEMIRO DE FIQUEIREDO,PORTAO DE EMBARQUE,6,55,505,550,555,92,245,,,,,,,,,-7.238.234.980.031.840,-3.587.022.596.038.870
429,EUTECIA VITAL RIBEIRO,CEDMEX - OPOSTO,6,55,505,550,555,92,245,,,,,,,,SIM,-7.239.447.003.230.450,-35.872.527.966.275.800
430,BASÍLIO DE ARAUJO,RODOVIARIA,6,55,505,550,555,92,245,,,,,,,,,-7.237.390.000.373.120,-35.870.791.990.309.900
431,OTACÍLIO NEPOMUCENO,PARTAGE,6,55,505,550,555,92,245,,,,,,,,SIM,-7.236.337.987.706.060,-35.871.015.032.753.300
432,OTACÍLIO NEPOMUCENO,PARTAGE,6,55,505,550,555,92,245,,,,,,,,SIM,-7.236.288.031.563.160,-35.871.058.031.916.600
433,OTACÍLIO NEPOMUCENO,PARTAGE,6,55,505,550,555,92,245,,,,,,,,SIM,-7.236.288.031.563.160,-35.871.058.031.916.600
434,OTACÍLIO NEPOMUCENO,CITROEN,6,55,505,550,555,92,245,,,,,,,,SIM,-7.235.185.978.934.160,-35.871.939.975.768.300
440,INDEPENDÊNCIA,432,3,55,500,555,,,,,,,,,,,,-7.224.112.981.930.370,-35.896.144.984.290.000
441,INDEPENDÊNCIA,112,3,55,500,555,,,,,,,,,,,,-7.224.193.029.105.660,-35.897.775.012.999.700
456,ABEL COSTA,427,2,55,555,,,,,,,,,,,,,-7.220.437.014.475.460,-35.908.637.959.510.000
493,VINTE E SETE DE JULHO,425 - OPOSTO,3,55,505,222,,,,,,,,,,,,-7.225.925.987.586.370,-35.912.762.023.508.500
548,ASSIS CHATEAUBRIAND,300,3,55,500,555,,,,,,,,,,,,-7.230.754.969.641.560,-35.889.254.976.063.900
549,DUQUE DE CAXIAS,109,2,55,500,,,,,,,,,,,,,-72.235.659.789.294,-35.897.933.011.874.500
550,JOSE DE ALENCAR,ESTADUAL DA PRATA,2,55,500,,,,,,,,,,,,,-7.221.707.040.444.010,-35.897.802.002.727.900
551,JOSE DE ALENCAR,ATECEL,2,55,500,,,,,,,,,,,,,-72.211.570.199.579,-35.899.969.981.983.300
552,JOSE DE ALENCAR,1100,2,55,500,,,,,,,,,,,,,-7.220.536.004.751.920,-35.902.423.029.765.400
557,VINTE E SETE DE JULHO,CONFORTEL - OPOSTO,3,55,222,500,,,,,,,,,,,SIM,-7.220.836.998.894.810,-35.913.502.983.748.900
573,FLORIANO PEIXOTO,PRACA CLEMENTINO PROCOPIO,9,55,500,505,550,555,303,333,300,3,,,,,SIM,-721.965.498.290.956,-3.588.401.997.461.910
574,FLORIANO PEIXOTO,PRACA CLEMENTINO PROCOPIO,9,55,500,505,550,555,303,333,300,3,,,,,SIM,-721.965.498.290.956,-3.588.401.997.461.910
584,PROFESSOR CARLOS FRANCISCO MEDEIROS DE ALMEIDA,MONTE CARMELO,1,55,,,,,,,,,,,,,,-7.221.866.967.156.520,-35.903.104.981.407.500
585,SANTA LUZIA,129,1,55,,,,,,,,,,,,,,-7.221.846.012.398.600,-35.905.196.014.791.700
586,SANTA LUZIA,48,1,55,,,,,,,,,,,,,SIM,-722.195.397.131.145,-35.905.323.000.624.700
587,SANTA LUZIA,187,1,55,,,,,,,,,,,,,,-7.223.637.979.477.640,-35.907.965.982.332.800
588,VINTE E SETE DE JULHO,300 - OPOSTO,2,55,222,,,,,,,,,,,,SIM,-7.227.355.018.258.090,-35.913.368.035.107.800
589,ALMEIDA BARRETO,2818 - OPOSTO,2,55,222,,,,,,,,,,,,SIM,-7.229.104.992.002.240,-35.910.236.975.178.100
590,ALMEIDA BARRETO,2588 - OPOSTO,2,55,222,,,,,,,,,,,,SIM,-722.919.300.198.555,-35.908.230.012.282.700
591,ALMEIDA BARRETO,2028 - OPOSTO,2,55,222,,,,,,,,,,,,SIM,-7.229.324.011.132.120,-3.590.591.199.696.060
732,JOAO FLORENTINO DE CARVALHO,VIALUZ - OPOSTO,4,55,92,444,955,,,,,,,,,,,-7.224.335.018.545.380,-35.876.784.967.258.500
110,FLORIANO PEIXOTO,HELENO CABELEREIRO,7,66,263,660,222,550,202,22,,,,,,,SIM,-7.226.473.996.415.730,-35.899.007.990.956.300
111,FLORIANO PEIXOTO,1640,7,66,263,660,222,550,202,22,,,,,,,,-7.228.187.005.966.900,-35.902.856.038.883.300
112,FLORIANO PEIXOTO,MULTI CAR - OPOSTO,5,66,263,660,220,222,,,,,,,,,SIM,-7.230.028.007.179.490,-35.907.143.969.088.700
113,FLORIANO PEIXOTO,2380,5,66,263,660,220,222,,,,,,,,,SIM,-723.089.100.793.004,-35.909.094.018.861.600
129,FLORIANO PEIXOTO,2693,2,66,22,,,,,,,,,,,,,-7.232.174.025.848.500,-3.591.156.299.225.980
130,FLORIANO PEIXOTO,PIZZARELLA - OPOSTO,6,66,263,22,220,660,202,,,,,,,,SIM,-7.231.200.970.709.320,-35.909.317.983.314.300
131,FLORIANO PEIXOTO,MULTICAR,6,66,263,22,220,660,202,,,,,,,,SIM,-7.230.352.973.565.450,-35.907.427.025.958.800
132,FLORIANO PEIXOTO,1819,8,66,263,22,220,660,202,55,222,,,,,,SIM,-722.904.103.808.105,-3.590.451.599.098.740
133,FLORIANO PEIXOTO,1800,7,66,263,660,222,550,202,22,,,,,,,,-7.228.791.005.909.440,-35.904.309.041.798.100
135,FLORIANO PEIXOTO,1359,8,66,263,22,220,660,202,55,222,,,,,,,-7.227.765.982.970.590,-35.901.462.966.576.200
136,FLORIANO PEIXOTO,IGREJA SAO CRISTOVAO,8,66,263,22,220,660,202,55,222,,,,,,SIM,-7.226.698.966.696.850,-35.899.073.034.524.900
137,FLORIANO PEIXOTO,APTA - OPOSTO,10,66,263,22,220,660,202,55,222,505,550,,,,SIM,-7.225.063.992.664.210,-35.895.604.016.259.300
138,FLORIANO PEIXOTO,845,10,66,263,22,220,660,202,55,222,505,550,,,,,-72.238.630.335.778,-35.893.097.994.849.000
153,FLORIANO PEIXOTO,1328,7,66,263,660,222,550,202,22,,,,,,,,-7.227.328.028.529.880,-35.901.032.974.943.500
154,FLORIANO PEIXOTO,PIZZARELLA,5,66,263,660,220,222,,,,,,,,,SIM,-723.104.196.600.616,-35.909.395.013.004.500
571,FLORIANO PEIXOTO,1800,7,66,263,660,222,550,202,22,,,,,,,,-7.228.791.005.909.440,-35.904.309.041.798.100
572,FLORIANO PEIXOTO,845,10,66,263,22,220,660,202,55,222,505,550,,,,,-72.238.630.335.778,-35.893.097.994.849.000
685,SEBASTIAO MARTINS DE OLIVEIRA,1120A - OPOSTO,4,66,202,245,263,,,,,,,,,,,-7.229.641.014.710.060,-35.921.181.980.520.400
686,GUARABIRA,MONT MOVEIS,4,66,202,245,263,,,,,,,,,,,-7.230.509.966.611.860,-35.922.659.039.497.300
687,LEONARDO COSTA VASCONCELOS,MINI BOX,4,66,202,245,263,,,,,,,,,,,-7.230.437.966.063.610,-35.924.239.028.245.200
688,PLINIO LEMOS,380,4,66,202,245,263,,,,,,,,,,SIM,-7.231.869.008.392.090,-35.926.228.975.877.100
868,CAICO,ESCOLA CARLOS DRUMOND DE ANDRADE - OPOSTO,2,66,245,,,,,,,,,,,,SIM,-7.231.253.022.328.010,-35.927.262.967.452.400
870,CAICO,96 - OPOSTO,3,66,263,245,,,,,,,,,,,,-7.228.851.020.336.150,-3.592.849.301.174.280
872,CAICO,943 - OPOSTO,3,66,263,245,,,,,,,,,,,,-7.226.555.971.428.750,-35.930.402.996.018.500
888,ENGENHEIRO LOURIVAL DE ANDRADE,1673,,66,263,,,,,,,,,,,,,-7.229.240.024.462.340,-35.914.984.988.048.600
182,ALMIRANTE BARROSO,2591,8,77,92,902,922,245,901,911,90,,,,,,SIM,-7.246.215.976.774.690,-35.910.283.997.654.900
183,ALMIRANTE BARROSO,2439,8,77,92,902,922,245,901,911,90,,,,,,,-7.245.979.020.372.030,-35.908.733.010.292.000
184,ALMIRANTE BARROSO,A&C,8,77,92,902,922,245,901,911,90,,,,,,,-7.245.272.006.839.510,-3.590.584.896.504.870
185,ALMIRANTE BARROSO,1812,8,77,92,902,922,245,901,911,90,,,,,,,-7.243.998.041.376.470,-35.903.633.963.316.600
627,CARMELITA SILVA DE ARAUJO,373 - OPOSTO,1,77,,,,,,,,,,,,,,-7.254.422.027.617.690,-35.926.071.982.830.700
628,CARMELITA SILVA DE ARAUJO,664,1,77,,,,,,,,,,,,,,-7.253.968.985.751.270,-35.923.545.006.662.600
629,OTAVIO BATISTA CABRAL (TRAVESSA),ESCOLA MUNICIPAL,1,77,,,,,,,,,,,,,SIM,-7.253.616.023.808.710,-35.920.275.980.606.600
630,OTAVIO BATISTA CABRAL,808,1,77,,,,,,,,,,,,,,-7.255.163.993.686.430,-35.920.744.026.079.700
631,OTAVIO BATISTA CABRAL,DISTRIBUIDORA DE GAS,1,77,,,,,,,,,,,,,,-7.257.075.989.618.890,-35.920.273.968.949.900
632,OTAVIO BATISTA CABRAL,Q-7; L-7,1,77,,,,,,,,,,,,,,-7.258.465.038.612.480,-35.920.030.977.576.900
633,OTAVIO BATISTA CABRAL,Q-9; L-24,1,77,,,,,,,,,,,,,,-7.259.447.984.397.410,-35.919.863.004.237.400
634,PROJETADA,Q-I; MINI BOX JOSIENE,1,77,,,,,,,,,,,,,,-7.260.277.960.449.450,-35.921.336.961.910.100
635,PROJETADA,"Q-8, 529",2,77,,,,,,,,,,,,,SIM,-7.258.158.009.499.310,-35.922.255.031.764.500
636,PROJETADA,"Q-14, 390",2,77,,,,,,,,,,,,,,-7.257.377.989.590.160,-35.923.956.977.203.400
637,STENIO MOZART BEZERRA DE LIMA,451,1,77,,,,,,,,,,,,,,-7.255.907.971.411.940,-35.925.798.984.244.400
638,ARQUITETO RENATO AZEVEDO,194A - LATERAL,1,77,,,,,,,,,,,,,,-7.255.286.034.196.610,-35.927.669.992.670.400
639,LINDOLFO ALBUQUERQUE,524 - VIZINHO,1,77,,,,,,,,,,,,,,-7.252.480.024.471.870,-35.919.980.015.605.600
640,OTAVIO BATISTA CABRAL,80,1,77,,,,,,,,,,,,,,-7.249.226.002.022.620,-35.922.614.028.677.300
641,JOSE NOGUEIRA PEREIRA,46,1,77,,,,,,,,,,,,,,-7.248.482.024.297.110,-35.921.980.021.521.400
642,JOSE NOGUEIRA PEREIRA,7B,1,77,,,,,,,,,,,,,,-7.249.849.028.885.360,-35.921.373.004.093.700
643,JOSE NOGUEIRA PEREIRA,387 - OPOSTO,1,77,,,,,,,,,,,,,,-7.251.349.976.286.290,-35.920.917.028.561.200
186,JUSCELINO KUBITSCHEK,CRUZEIRO - OPOSTO,3,90,900,245,,,,,,,,,,,,-7.244.493.998.587.130,-35.903.493.985.533.700
187,"JUSCELINO KUBITSCHEK,",1295 - OPOSTO,6,90,900,245,,,,,,,,,,,,-724.685.400.724.411,-35.904.769.962.653.500
188,JUSCELINO KUBITSCHEK,IGREJA VERBO DA VIDA,3,90,900,245,,,,,,,,,,,,-7.248.510.019.853.710,-35.905.617.037.788.000
189,JUSCELINO KUBITSCHEK,1800,3,90,900,245,,,,,,,,,,,,-7.250.386.979.430.910,-35.906.524.965.539.500
190,JUSCELINO KUBITSCHEK,1856,2,90,900,,,,,,,,,,,,,-7.251.702.016.219.490,-35.907.259.974.628.600
191,JUSCELINO KUBITSCHEK,2002,1,90,,,,,,,,,,,,,,-725.327.798.165.381,-35.908.068.995.922.800
192,JUSCELINO KUBITSCHEK,ASSEMBLEIA DE DEUS - OPOSTO,1,90,,,,,,,,,,,,,,-7.255.120.994.523.160,-35.909.017.994.999.800
193,JUSCELINO KUBITSCHEK,2550,1,90,,,,,,,,,,,,,,-7.256.409.041.583.530,-35.909.699.024.632.500
194,JUSCELINO KUBITSCHEK,2910,2,90,900,,,,,,,,,,,,SIM,-7.261.050.017.550.580,-35.911.888.964.474.200
195,JUSCELINO KUBITSCHEK,2739,2,90,900,,,,,,,,,,,,,-7.258.248.031.139.370,-35.910.382.987.931.300
196,JUSCELINO KUBITSCHEK,2175,1,90,,,,,,,,,,,,,,-7.253.539.999.946.950,-35.907.937.986.776.200
197,JUSCELINO KUBITSCHEK,1791,3,90,900,245,,,,,,,,,,,SIM,-7.251.118.971.034.880,-35.906.688.999.384.600
198,JUSCELINO KUBITSCHEK,1679,3,90,900,245,,,,,,,,,,,,-7.249.999.986.961.480,-35.906.123.975.291.800
199,JUSCELINO KUBITSCHEK,1533,3,90,900,245,,,,,,,,,,,,-7.248.611.021.786.920,-35.905.433.977.022.700
200,JUSCELINO KUBITSCHEK,1295,3,90,900,245,,,,,,,,,,,,-7.246.988.033.875.820,-35.904.590.003.192.400
201,JUSCELINO KUBITSCHEK,830 - OPOSTO,3,90,900,245,,,,,,,,,,,,-7.244.883.002.713.320,-35.903.491.973.876.900
827,TRES IRMAS,BAR DO DUDU,3,90,9,92,,,,,,,,,,,,-7.262.589.018.791.910,-35.921.395.970.508.400
98,FLORIANO PEIXOTO,REDE COMPRAS,6,92,500,505,550,555,55,,,,,,,,,-721.808.304.078.877,-35.880.768.969.655.000
162,ALMIRANTE BARROSO,1908,7,92,902,22,245,911,901,77,,,,,,,,-7.244.155.034.422.870,-35.904.069.989.919.600
163,ALMIRANTE BARROSO,2248,7,92,902,22,245,901,911,77,,,,,,,,-7.245.451.966.300.600,-35.906.710.037.961.600
164,ALMIRANTE BARROSO,2690,7,92,902,22,245,901,911,77,,,,,,,,-7.246.160.991.489.880,-35.910.662.021.487.900
165,FRANCISCO LOPES DE ALMEIDA,242,8,92,902,22,245,901,911,202,77,,,,,,SIM,-7.246.329.970.657.820,-35.912.461.029.365.600
166,FRANCISCO LOPES DE ALMEIDA,SAFRA - OPOSTO,6,92,902,22,245,222,77,,,,,,,,SIM,-7.246.412.029.489.870,-35.916.228.024.289.000
167,FRANCISCO LOPES DE ALMEIDA,115,6,92,902,22,245,222,77,,,,,,,,,-7.246.520.994.231.100,-35.918.790.036.812.400
168,FRANCISCO LOPES DE ALMEIDA,POSTO DE SAUDE,6,92,902,22,245,222,77,,,,,,,,,-7.246.964.983.642.100,-35.920.892.972.499.100
169,FRANCISCO LOPES DE ALMEIDA,LAVA JATO,5,92,902,22,245,222,,,,,,,,,,-7.248.755.022.883.410,-35.923.209.981.992.800
171,FRANCISCO LOPES DE ALMEIDA,SEST - SENAT,3,92,902,922,,,,,,,,,,,SIM,-7.251.605.959.609.150,-35.929.371.016.100.000
172,FRANCISCO LOPES DE ALMEIDA,CIRETRAN,3,92,902,922,,,,,,,,,,,,-7.251.734.035.089.610,-35.930.613.968.521.300
173,FRANCISCO LOPES DE ALMEIDA,CIRETRAN - OPOSTO,3,92,902,922,,,,,,,,,,,,-7.251.892.033.964.390,-35.930.821.001.529.600
174,FRANCISCO LOPES DE ALMEIDA,1995,3,92,922,902,,,,,,,,,,,,-7.251.596.990.972.750,-35.928.100.990.131.400
821,RODOVIA RAIMUNDO ASFORA,ENTRADA DO VERDEJANTE,3,92,902,922,,,,,,,,,,,SIM,-7.252.383.967.861.530,-35.933.589.963.242.400
822,CONJUNTO MAJOR VENEZIANO,II,2,92,9,,,,,,,,,,,,SIM,-7.270.891.964.435.570,-35.936.436.960.473.600
823,CONJUNTO MAJOR VENEZIANO,III,2,92,9,,,,,,,,,,,,SIM,-7.271.533.012.390.130,-35.936.195.980.757.400
824,PETROPOLES,548,2,92,9,,,,,,,,,,,,,-7.271.795.030.683.270,-3.593.216.797.336.930
825,PETROPOLES,560,2,92,9,,,,,,,,,,,,,-7.271.658.992.394.800,-35.932.023.972.272.800
826,PETROPOLES,MINI-BOX DO SOL,2,92,9,,,,,,,,,,,,,-7.270.964.970.812.200,-35.930.474.996.566.700
16,JANUNCIO FERREIRA,ESCOLA LIONS,1,101,,,,,,,,,,,,,SIM,-7.213.431.000.709.530,-35.883.446.987.718.300
17,VIGOLVINO WANDERLEY,194,1,101,,,,,,,,,,,,,,-7.214.123.010.635.370,-35.885.142.982.006.000
18,FRANCISCO AFONSO DE ALBUQUERQUE,98,1,101,,,,,,,,,,,,,,-7.208.808.967.843.650,-35.887.532.997.876.400
19,FRANCISCO AFONSO DE ALBUQUERQUE,290,1,101,,,,,,,,,,,,,,-7.208.434.967.324.130,-35.886.304.965.242.700
20,CAPITAO ADHEMAR DE PAIVA,180,1,101,,,,,,,,,,,,,,-720.757.900.737.226,-35.884.820.027.276.800
21,NEWTON ESTILAC LEAL,219,1,101,,,,,,,,,,,,,,-720.712.898.299.098,-35.885.549.001.395.700
22,ADALTO TRAVASSOS DE MOURA,,1,101,,,,,,,,,,,,,SIM,-7.205.591.993.406.410,-35.885.741.030.797.300
23,ADALTO TRAVASSOS DE MOURA,424,1,101,,,,,,,,,,,,,,-7.204.037.988.558.410,-35.885.392.008.349.200
24,ADALTO TRAVASSOS DE MOURA,670,1,101,,,,,,,,,,,,,,-7.202.240.992.337.460,-35.884.900.996.461.500
25,PRESIDENTE ROOSEVELT,243,1,101,,,,,,,,,,,,,,-72.022.720.053.792,-35.883.170.971.646.900
26,PRESIDENTE ROOSEVELT,51,1,101,,,,,,,,,,,,,,-720.276.796.258.986,-35.881.171.971.559.500
27,DR. VASCONCELOS,SUCATA,1,101,,,,,,,,,,,,,,-7.199.396.006.762.980,-35.879.273.973.405.300
28,NACOES,ESC ANA AZEVEDO,1,101,,,,,,,,,,,,,,-7.196.028.996.258.970,-35.879.571.028.053.700
29,NACOES,,1,101,,,,,,,,,,,,,,-7.192.379.012.703.890,-3.588.071.197.271.340
30,REPUBLICA PORTUGUESA,,1,101,,,,,,,,,,,,,SIM,-7.187.031.023.204.320,-35.881.342.962.384.200
31,NACOES,,1,101,,,,,,,,,,,,,,-7.189.367.981.627.580,-35.881.206.002.086.400
32,NACOES,815,1,101,,,,,,,,,,,,,SIM,-7.191.322.976.723.310,-35.881.049.009.039.900
33,NACOES,625,1,101,,,,,,,,,,,,,,-7.192.832.976.579.660,-35.880.666.961.893.400
34,NACOES,406,1,101,,,,,,,,,,,,,,-7.194.216.996.431.350,-3.588.068.900.629.870
35,NACOES,175,1,101,,,,,,,,,,,,,SIM,-7.197.465.989.738.700,-35.878.526.978.194.700
37,APOLONIA AMORIM,593,1,101,,,,,,,,,,,,,SIM,-7.205.013.977.363.700,-35.875.335.987.657.300
38,REVERENDO AUGUSTO SANTIAGO,219 - OPOSTO,1,101,,,,,,,,,,,,,,-7.206.175.038.591.020,-35.876.783.961.430.100
39,FELIX CAROLINO BARBOSA,454,1,101,,,,,,,,,,,,,SIM,-7.209.129.994.735.120,-35.877.199.033.275.200
40,NEWTON ESTILAC LEAL,1133,1,101,,,,,,,,,,,,,,-7.209.125.971.421.590,-3.587.793.898.768.720
42,ESTELITA CRUZ,615,1,101,,,,,,,,,,,,,,-7.210.868.988.186.120,-35.880.124.988.034.300
43,ESTELITA CRUZ,459,1,101,,,,,,,,,,,,,,-7.212.132.979.184.380,-35.880.461.018.532.500
44,ANTONIO CAMPOS,213,1,101,,,,,,,,,,,,,,-7.212.417.963.892.220,-35.881.230.980.157.800
47,PRACA DA BANDEIRA,,2,101,111,,,,,,,,,,,,SIM,-7.219.793.032.854.790,-35.884.778.033.941.900
48,MELO LEITAO,PRACINHA,12,101,111,222,404,444,4,77,90,92,900,400,922,,SIM,-7.222.824.012.860.650,-35.892.817.033.454.700
53,ESPÍRITO SANTO,PRACA,1,101,,,,,,,,,,,,,,-7.232.666.965.574.020,-35.892.649.982.124.500
54,ESPÍRITO SANTO,470,1,101,,,,,,,,,,,,,,-7.234.531.017.020.340,-35.892.385.030.165.300
55,ESPÍRITO SANTO,606,1,101,,,,,,,,,,,,,,-7.235.541.036.352.510,-35.892.253.015.190.300
56,ESPÍRITO SANTO,408,1,101,,,,,,,,,,,,,,-7.237.419.001.758.090,-35.892.035.001.888.800
57,ESPÍRITO SANTO,1288,1,101,,,,,,,,,,,,,,-7.240.888.020.023.700,-35.891.612.973.064.100
58,APRÍGIO NEPOMUCENO,,2,101,245,,,,,,,,,,,,,-7.243.026.997.894.040,-35.891.980.016.604.000
59,APRÍGIO NEPOMUCENO,484,2,101,245,,,,,,,,,,,,,-7.243.195.977.061.980,-3.589.349.303.394.550
60,SEVERINO PIMENTEL,ED. CANAA III,2,101,245,,,,,,,,,,,,,-724.425.402.469.933,-35.893.566.962.331.500
61,PEDRO OTAVIO DE FARIAS LEITE,690,2,101,245,,,,,,,,,,,,,-7.245.036.978.274.580,-35.894.018.998.369.500
62,GETULIO CAVALCANTE,1166,2,101,245,,,,,,,,,,,,,-7.247.147.038.578.980,-35.894.053.028.896.400
63,GETULIO CAVALCANTE,1626,2,101,245,,,,,,,,,,,,,-7.248.887.959.867.710,-35.893.853.036.686.700
64,GETULIO CAVALCANTE,1746,2,101,245,,,,,,,,,,,,,-7.250.136.025.249.950,-35.893.724.039.196.900
65,ARIEL DE OLIVEIRA,460,2,101,245,,,,,,,,,,,,,-7.250.385.973.602.530,-35.894.585.028.290.700
66,JOSE FIRMINO DA SILVA,54,2,101,245,,,,,,,,,,,,,-7.251.553.991.809.480,-35.894.858.026.877.000
67,JOSE FIRMINO DA SILVA,OFICINA,2,101,111,,,,,,,,,,,,,-7.253.425.000.235.430,-35.894.650.993.868.700
68,MANOEL ENEAS FIGUEIREDO FILHO,PONTO DE APOIO,2,101,111,,,,,,,,,,,,SIM,-7.255.475.968.122.480,-3.589.736.002.497.370
69,MANOEL ENEAS FIGUEIREDO FILHO,RESTAURANTE POPULAR,2,101,111,,,,,,,,,,,,,-7.256.444.999.948.140,-35.896.966.997.534.000
70,MANOEL ENEAS FIGUEIREDO FILHO,BAR DO PEBA,2,101,111,,,,,,,,,,,,SIM,-7.256.945.986.300.700,-3.589.673.800.393.930
71,MANOEL ENEAS FIGUEIREDO FILHO,OFICINA,2,101,111,,,,,,,,,,,,,-7.255.932.027.474.040,-35.896.854.009.479.200
72,JOSE FIRMINO DA SILVA,LAVA JATO,2,101,111,,,,,,,,,,,,SIM,-7.253.455.007.448.790,-35.894.529.959.186.900
73,DR. VENTURA,219,2,101,245,,,,,,,,,,,,,-7.251.932.015.642.520,-35.895.267.985.761.100
74,MANOEL LEONARDO GOMES,1192 - OPOSTO,2,101,245,,,,,,,,,,,,,-7.251.650.970.429.180,-35.896.103.996.783.400
75,MANOEL LEONARDO GOMES,05 - CIPRESA,2,101,245,,,,,,,,,,,,SIM,-7.250.094.031.915.060,-35.896.324.021.741.700
76,MANOEL LEONARDO GOMES,913,2,101,245,,,,,,,,,,,,,-7.247.302.019.968.620,-35.896.661.980.077.600
77,MANOEL LEONARDO GOMES,667A,2,101,245,,,,,,,,,,,,,-7.245.527.990.162.370,-35.896.854.009.479.200
78,MANOEL LEONARDO GOMES,POSTO DE SAUDE,1,101,,,,,,,,,,,,,,-7.242.315.961.048.000,-35.897.224.992.513.600
79,MANOEL LEONARDO GOMES,CASA DE ORACAO,1,101,,,,,,,,,,,,,,-7.240.710.994.228.720,-3.589.740.201.830.860
80,SEVERINO GALILEU,180,1,101,,,,,,,,,,,,,,-7.241.852.022.707.460,-35.896.681.006.997.800
81,SEVERINO GALILEU,360,1,101,,,,,,,,,,,,,,-7.243.368.979.543.440,-35.896.495.012.566.400
82,APRÍGIO NEPOMUCENO,LINS ARMARINHO,2,101,245,,,,,,,,,,,,,-7.243.699.980.899.690,-35.897.526.992.484.900
83,APRÍGIO NEPOMUCENO,1228,2,101,245,,,,,,,,,,,,,-7.243.817.998.096.340,-35.898.828.031.495.200
84,AUGUSTO BORBOREMA,480,1,101,,,,,,,,,,,,,,-7.245.401.004.329.320,-35.899.212.006.479.500
85,AUGUSTO BORBOREMA,414,1,101,,,,,,,,,,,,,,-7.246.979.987.248.770,-35.898.938.002.064.800
86,FRANCISCO ERNESTO DO REGO,2830,1,101,,,,,,,,,,,,,,-724.747.896.194.458,-35.900.427.969.172.500
147,FLORIANO PEIXOTO,PRACA DA BANDEIRA,2,101,111,,,,,,,,,,,,SIM,-721.973.704.174.161,-35.884.739.980.101.500
381,EPITACIO PESSOA,10,3,101,505,910,,,,,,,,,,,,-7.213.633.004.575.960,-3.588.896.001.689.130
575,FLORIANO PEIXOTO,PRACA DA BANDEIRA,2,101,111,,,,,,,,,,,,SIM,-721.973.704.174.161,-35.884.739.980.101.500
12,FLORIANO PEIXOTO,OI - TELEMAR,6,111,101,4,904,944,202,,,,,,,,,-7.220.379.011.705.510,-35.885.555.036.365.900
13,FLORIANO PEIXOTO,FEIRA CENTRAL,2,111,101,,,,,,,,,,,,SIM,-7.217.510.975.897.310,-35.879.532.974.213.300
14,JANUNCIO FERREIRA,CASA CORAL,2,111,101,,,,,,,,,,,,SIM,-7.215.552.041.307.090,-35.879.341.028.630.700
15,JANUNCIO FERREIRA,YPIRANGA,2,111,101,,,,,,,,,,,,SIM,-7.215.116.014.704.100,-35.880.980.025.976.800
41,NEWTON ESTILAC LEAL,929,1,111,,,,,,,,,,,,,,-7.208.754.988.387.220,-3.587.931.202.724.570
45,JANUNCIO FERREIRA,SOLON DE LUCENA,3,111,101,955,,,,,,,,,,,SIM,-7.215.221.961.960.190,-35.881.812.013.685.700
46,JANUNCIO FERREIRA,JORNAL CORREIO,3,111,101,955,,,,,,,,,,,SIM,-721.593.601.629.138,-3.587.903.399.951.750
49,DOM PEDRO I,480,11,111,400,404,77,90,101,902,92,901,911,900,,,SIM,-7.226.051.967.591.040,-35.892.559.038.475.100
87,ALMIRANTE BARROSO,1599,9,111,77,90,900,92,922,901,911,101,,,,,,-7.242.697.002.366.180,-35.901.823.975.145.800
88,ALMIRANTE BARROSO,PANIFICADORA SOUZA,9,111,77,90,900,92,922,901,911,101,,,,,,-7.241.251.962.259.410,-35.900.853.015.482.400
89,ALMIRANTE BARROSO,1043,9,111,77,90,900,92,922,901,911,101,,,,,,-7.238.950.962.200.760,-35.898.878.993.466.400
90,ALMIRANTE BARROSO,149,10,111,400,77,90,901,911,92,902,922,101,,,,,-7.232.221.970.334.640,-35.894.141.960.889.100
91,ALMIRANTE BARROSO,BORBOREMA,12,111,400,404,77,101,90,900,901,911,92,902,922,,SIM,-7.230.809.032.917.020,-35.893.797.967.582.900
92,DOM PEDRO I,HOSPITAL,13,111,400,404,77,101,90,900,901,911,92,902,922,944,SIM,-7.229.017.987.847.320,-35.893.403.012.305.400
93,DOM PEDRO I,FACULDADE DE COMUNICACAO,13,111,400,404,77,101,90,900,901,911,92,902,922,944,SIM,-7.226.323.038.339.610,-35.892.530.037.090.100
156,ALMIRANTE BARROSO,303 - OPOSTO,8,111,77,90,900,901,911,902,92,,,,,,SIM,-7.233.568.020.164.960,-35.894.907.983.019.900
157,ALMIRANTE BARROSO,470A,8,111,77,90,900,901,911,902,92,,,,,,,-7.234.766.967.594.620,-35.895.782.969.892.000
158,ALMIRANTE BARROSO,820,10,111,77,90,900,901,911,902,444,922,92,,,,SIM,-723.725.002.259.016,-35.897.753.974.422.800
159,ALMIRANTE BARROSO,PANIFICADORA RAINHA DO CRUZEIRO,9,111,77,90,900,901,911,902,922,22,,,,,SIM,-7.238.530.023.023.480,-35.898.702.973.499.800
160,ALMIRANTE BARROSO,1408,9,111,77,90,900,901,911,902,922,22,,,,,,-7.241.049.036.383.620,-35.900.904.983.282.000
161,ALMIRANTE BARROSO,1716,9,111,77,90,900,901,911,902,922,22,,,,,,-7.243.249.034.509.060,-35.902.554.038.912.000
209,JANUNCIO FERREIRA,MARCENARIA,1,111,,,,,,,,,,,,,,-7.213.413.985.446.090,-35.883.741.024.881.600
210,SERGIPE,2939,1,111,,,,,,,,,,,,,,-7.256.129.002.198.570,-35.888.925.986.364.400
211,MANOEL ALVES DO NASCIMENTO,23,1,111,,,,,,,,,,,,,SIM,-7.255.646.958.947.180,-35.889.567.034.319.000
354,AGAMENON MAGALHAES,386,1,111,,,,,,,,,,,,,,-7.212.881.986.051.790,-3.588.156.902.231.270
355,ESTELITA CRUZ,SEMINARIO,1,111,,,,,,,,,,,,,,-7.211.995.013.058.180,-35.880.312.994.122.500
356,NEWTON ESTILAC LEAL,951 - OPOSTO,1,111,,,,,,,,,,,,,,-7.208.913.993.090.390,-35.879.158.973.693.800
357,NEWTON ESTILAC LEAL,1066,1,111,,,,,,,,,,,,,,-7.209.180.034.697.050,-3.587.813.101.708.880
358,FELIX CAROLINO BARBOSA,483,1,111,,,,,,,,,,,,,,-7.208.881.974.220.270,-35.877.044.973.894.900
359,AUGUSTO SANTIAGO,181,1,111,,,,,,,,,,,,,SIM,-7.206.070.013.344.280,-35.876.961.993.053.500
360,ESTELITA CRUZ,IGREJA DE SAO SEBASTIAO,1,111,,,,,,,,,,,,,,-7.205.254.035.070.530,-35.878.562.014.549.900
361,APOLONIA AMORIM,91,1,111,,,,,,,,,,,,,,-7.204.833.012.074.230,-35.880.037.983.879.400
362,Dr. VASCONCELOS,EMPASA,1,111,,,,,,,,,,,,,SIM,-7.203.412.028.029.560,-35.880.612.982.437.000
363,PRESIDENTE ROOSEVELT,243 - OPOSTO,1,111,,,,,,,,,,,,,,-7.202.153.988.182.540,-35.883.242.972.195.100
364,CAPITAO ADHEMAR DE PAIVA,205,1,111,,,,,,,,,,,,,,-7.206.185.013.055.800,-35.884.653.981.775.000
365,NORBERTO LEAL,ASSEMBLEIA DE DEUS - OPOSTO,1,111,,,,,,,,,,,,,,-7.207.080.032.676.450,-35.882.679.959.759.100
366,VEREADOR BENEDITO MOTA,246 - OPOSTO,1,111,,,,,,,,,,,,,,-7.208.578.968.420.620,-35.882.864.026.352.700
367,FRANKLIN ARAUJO,ESC. LUIZ GOMES,1,111,,,,,,,,,,,,,,-7.208.412.000.909.440,-3.588.414.796.628.050
368,FRANCISCO AFONSO DE ALBUQUERQUE,PRACA,1,111,,,,,,,,,,,,,SIM,-7.208.199.016.749.850,-35.885.732.984.170.300
369,HENRIQUE DIAS,538,1,111,,,,,,,,,,,,,,-7.208.439.996.466.040,-3.588.863.898.999.980
370,EVARISO PEREIRA DA COSTA,95,1,111,,,,,,,,,,,,,,-7.209.354.965.016.240,-35.890.782.997.012.100
371,CRISTIANO PALMEIRA,DONA CLEMENTINA,1,111,,,,,,,,,,,,,,-7.208.191.975.951.190,-35.891.766.026.616.000
372,CRISTIANO PALMEIRA,320,1,111,,,,,,,,,,,,,,-7.207.133.006.304.500,-35.892.497.012.391.600
373,EUCLIDES SEVERIANO,223,1,111,,,,,,,,,,,,,,-7.207.334.004.342.550,-35.890.818.033.367.300
374,JUVÊNCIO MARTINS DE FRANCA,86,1,111,,,,,,,,,,,,,,-720.747.297.629.714,-35.888.462.970.033.200
375,JUVÊNCIO MARTINS DE FRANCA,166,1,111,,,,,,,,,,,,,,-7.206.605.030.223.720,-35.888.675.032.183.500
376,HENRIQUE DIAS,613,1,111,,,,,,,,,,,,,,-7.207.309.026.271.100,-35.889.009.973.034.200
377,HENRIQUE DIAS,413 - OPOSTO,1,111,,,,,,,,,,,,,SIM,-7.209.394.024.685.020,-35.888.181.002.810.500
378,SIQUEIRA CAMPOS,1671,1,111,,,,,,,,,,,,,,-7.210.483.001.545.070,-35.887.540.960.684.400
379,ÍNDIOS PIRAGIBE,301,1,111,,,,,,,,,,,,,,-7.211.937.010.288.230,-358.869.409.840.554
380,ÍNDIOS PIRAGIBE,145,1,111,,,,,,,,,,,,,,-7.212.604.964.151.970,-35.885.803.978.890.100
712,MANOEL LEONARDO GOMES,677 - OPOSTO,2,111,245,,,,,,,,,,,,,-7.245.612.982.660.530,-35.896.905.977.278.900
713,MANOEL LEONARDO GOMES,886 - VIZINHO,2,111,245,,,,,,,,,,,,,-7.247.367.985.546.580,-35.896.696.010.604.500
714,MANOEL LEONARDO GOMES,03 - OPOSTO,2,111,245,,,,,,,,,,,,,-7.249.938.966.706.390,-3.589.641.303.755.340
715,MANOEL LEONARDO GOMES,1180,2,111,245,,,,,,,,,,,,,-7.251.532.031.223.170,-35.896.153.030.917.000
716,DOUTOR VENTURA,17 - OPOSTO,2,111,245,,,,,,,,,,,,,-7.252.048.021.182.410,-35.895.435.037.091.300
717,JOSE FIRMINO DA SILVA,1357,2,111,245,,,,,,,,,,,,,-7.251.633.033.156.390,-35.894.736.992.195.200
718,PROFESSOR ARIEL DE OLIVEIRA,445,2,111,245,,,,,,,,,,,,,-7.250.495.022.162.790,-3.589.446.097.612.380
719,GETULIO CAVALCANTE,1551,2,111,245,,,,,,,,,,,,,-7.248.332.994.058.720,-35.893.814.982.846.300
720,GETULIO CAVALCANTE,1071,2,111,245,,,,,,,,,,,,,-7.243.864.014.744.750,-35.894.302.977.249.000
722,GETULIO CAVALCANTE,1730 - OPOSTO,2,111,245,,,,,,,,,,,,,-7.249.989.006.668.320,-35.893.599.987.030.000
791,SANTA CATARINA,949,1,111,,,,,,,,,,,,,,-7.239.133.017.137.640,-35.890.987.012.535.300
36,MANOEL TAVARES,UPA,2,202,101,,,,,,,,,,,,SIM,-7.200.025.990.605.350,-35.877.134.995.535.000
101,FLORIANO PEIXOTO,1520,2,202,3,,,,,,,,,,,,,-7.215.876.001.864.670,-35.876.044.007.018.200
226,MANOEL TAVARES,1244,1,202,,,,,,,,,,,,,,-7.205.357.970.669.860,-35.874.755.959.957.800
227,MANOEL TAVARES,ATACADAO,1,202,,,,,,,,,,,,,SIM,-7.201.404.981.315.130,-35.876.545.999.199.100
229,MANOEL TAVARES,807,1,202,,,,,,,,,,,,,SIM,-7.209.166.958.928.100,-35.875.959.014.520.000
449,ASSEMBLEIA DE DEUS,468,3,202,555,550,,,,,,,,,,,,-7.225.598.003.715.270,-35.912.424.987.182.000
450,ASSEMBLEIA DE DEUS,279,1,202,,,,,,,,,,,,,,-7.219.441.998.749.970,-35.914.385.011.419.600
580,MANOEL TAVARES,ATACADAO,1,202,,,,,,,,,,,,,SIM,-7.201.404.981.315.130,-35.876.545.999.199.100
592,ALMEIDA BARRETO,2026,2,202,550,,,,,,,,,,,,,-722.923.600.114.882,-35.906.249.033.287.100
593,ALMEIDA BARRETO,2524,2,202,550,,,,,,,,,,,,,-7.229.142.962.023.610,-35.907.578.989.863.300
594,ALMEIDA BARRETO,2706,2,202,550,,,,,,,,,,,,,-7.229.052.018.374.200,-35.909.290.993.586.100
689,PLINIO LEMOS,PIRAMIDAL BAR,3,202,245,263,,,,,,,,,,,,-7.234.150.981.530.540,-35.925.324.987.620.100
704,PLINIO LEMOS,MERCADO DAS MALVINAS,3,202,245,66,,,,,,,,,,,SIM,-7.236.209.996.044.630,-35.924.487.970.769.400
767,DINAMERICA ALVES CORREA,1167 - VIZINHO,2,202,220,,,,,,,,,,,,,-7.244.156.962.260.600,-35.911.146.998.405.400
768,DINAMERICA ALVES CORREA,365,2,202,220,,,,,,,,,,,,,-7.240.857.006.981.960,-35.910.841.980.949.000
769,DINAMERICA ALVES CORREA,INSS,3,202,220,400,,,,,,,,,,,SIM,-7.238.936.964.422.460,-3.591.061.701.066.790
770,DINAMERICA ALVES CORREA,1033,3,202,220,400,,,,,,,,,,,SIM,-7.237.173.998.728.390,-35.910.435.961.559.400
832,SEVERINO PEREIRA DE MELO,100,1,202,,,,,,,,,,,,,,-7.245.475.016.534.320,-35.913.972.035.050.300
833,IARA AMARAL,122 - LATERAL,1,202,,,,,,,,,,,,,,-72.424.700.204.283,-35.913.622.006.773.900
834,IARA AMARAL,48 - OPOSTO,1,202,,,,,,,,,,,,,,-7.241.754.038.259.380,-35.911.925.006.657.800
879,VICENTE GOMES DE ALMEIDA,775 - OPOSTO,1,202,,,,,,,,,,,,,,-7.221.173.029.392.950,-3.592.589.202.336.960
882,ARQUELAU DA COSTA GUIMARAES,101,1,202,,,,,,,,,,,,,,-7.218.899.019.062.510,-35.928.972.037.509.000
109,FLORIANO PEIXOTO,REAL CLUBE,8,220,500,555,66,263,22,660,202,,,,,,SIM,-7.223.939.979.448.910,-35.893.642.986.193.200
114,FLORIANO PEIXOTO,VERBO DA VIDA - OPOSTO,2,220,660,,,,,,,,,,,,,-7.233.152.026.310.560,-35.914.154.006.168.200
115,FLORIANO PEIXOTO,IGREJA EVANGELICA,2,220,660,,,,,,,,,,,,,-7.234.217.030.927.530,-35.916.621.973.738.000
116,FLORIANO PEIXOTO,MAXXI ATACADO,2,220,660,,,,,,,,,,,,SIM,-7.234.845.003.113.150,-35.918.043.041.601.700
117,FLORIANO PEIXOTO,4060,2,220,660,,,,,,,,,,,,SIM,-723.682.296.462.357,-35.922.676.976.770.100
118,FLORIANO PEIXOTO,4130,2,220,22,,,,,,,,,,,,,-7.238.340.005.278.580,-35.926.131.997.257.400
119,FLORIANO PEIXOTO,BAR SURUBIM - OPOSTO,2,220,22,,,,,,,,,,,,,-7.238.983.986.899.250,-3.592.765.599.489.210
120,FLORIANO PEIXOTO,HOSPITAL DE TRAUMA,2,220,22,,,,,,,,,,,,SIM,-7.240.465.991.199.010,-35.931.123.001.500.900
122,FLORIANO PEIXOTO,BAR SURUBIM,2,220,22,,,,,,,,,,,,,-7.239.194.037.392.730,-35.927.593.968.808.600
123,FLORIANO PEIXOTO,17,2,220,22,,,,,,,,,,,,,-7.238.525.999.709.960,-35.926.066.031.679.500
175,FRANCISCO LOPES DE ALMEIDA,1914,4,220,92,902,922,,,,,,,,,,,-72.511.319.629.848,-35.926.867.006.346.500
176,FRANCISCO LOPES DE ALMEIDA,699,6,220,92,902,922,245,202,,,,,,,,,-7.249.272.018.671.030,-3.592.376.796.528.690
177,FRANCISCO LOPES DE ALMEIDA,9,7,220,92,902,922,245,202,77,,,,,,,,-7.248.428.966.850.040,-35.922.662.978.991.800
178,FRANCISCO LOPES DE ALMEIDA,6,7,220,92,902,922,245,202,77,,,,,,,SIM,-7.247.315.011.918.540,-35.921.196.984.127.100
179,FRANCISCO LOPES DE ALMEIDA,839,7,220,92,902,922,245,202,77,,,,,,,,-7.246.625.013.649.460,-35.918.934.037.908.900
180,FRANCISCO LOPES DE ALMEIDA,SAFRA,7,220,92,902,922,245,202,77,,,,,,,SIM,-7.246.487.969.532.600,-3.591.620.497.405.520
181,FRANCISCO LOPES DE ALMEIDA,155,10,220,92,902,922,245,202,77,901,911,90,,,,,-7.246.485.035.866.490,-35.912.779.960.781.300
570,FLORIANO PEIXOTO,HOSPITAL DE TRAUMA,2,220,22,,,,,,,,,,,,SIM,-7.240.465.991.199.010,-35.931.123.001.500.900
556,VINTE E SETE DE JULHO,PONTO DAS PLANTAS - OPOSTO,3,222,55,500,,,,,,,,,,,SIM,-7.217.310.983.687.630,-35.913.812.024.518.800
595,ALMEIDA BARRETO,2848,2,222,550,,,,,,,,,,,,,-7.228.984.963.148.830,-35.910.473.009.571.400
829,IARA AMARAL,48,1,222,,,,,,,,,,,,,,-7.241.625.040.769.570,-35.911.818.975.582.700
830,IARA AMARAL,142 - LATERAL,1,222,,,,,,,,,,,,,,-7.242.395.002.394.910,-35.913.614.965.975.200
831,ALAIDE DE ARAUJO MEDEIROS,64 - OPOSTO,1,222,,,,,,,,,,,,,,-7.243.312.988.430.260,-3.591.403.498.314.320
885,ENGENHEIRO LOURIVAL DE ANDRADE,300,1,222,,,,,,,,,,,,,,-7.222.154.969.349.500,-35.916.272.029.280.600
275,VIGARIO CALIXTO,SESC,1,245,,,,,,,,,,,,,SIM,-7.228.535.022.586.580,-35.882.677.026.093.000
279,ASSIS CHATEAUBRIAND,300,2,245,944,,,,,,,,,,,,,-7.230.754.969.641.560,-35.889.254.976.063.900
280,ASSIS CHATEAUBRIAND,478,2,245,944,,,,,,,,,,,,,-723.256.504.163.146,-35.889.062.024.652.900
281,ASSIS CHATEAUBRIAND,POSTO IPIRANGA,2,245,944,,,,,,,,,,,,,-7.235.948.983.579.870,-35.888.695.986.941.400
282,ASSIS CHATEAUBRIAND,SECRETARIA DE SAUDE,2,245,944,,,,,,,,,,,,SIM,-7.240.410.000.085.830,-35.888.179.996.982.200
315,ASSIS CHATEAUBRIAND,CARAJAS,2,245,944,,,,,,,,,,,,SIM,-7.240.347.974.002.360,-358.880.599.681.288
316,ASSIS CHATEAUBRIAND,FELINTO,2,245,944,,,,,,,,,,,,SIM,-7.238.790.029.659.860,-35.888.264.989.480.300
317,ASSIS CHATEAUBRIAND,POSTO IPIRANGA - OPOSTO,2,245,944,,,,,,,,,,,,,-7.236.195.998.266.330,-35.888.561.960.309.700
318,ASSIS CHATEAUBRIAND,557,2,245,944,,,,,,,,,,,,,-7.233.465.006.574.980,-35.888.841.999.694.700
644,APRIGIO NEPOMUCENO,1303,1,245,,,,,,,,,,,,,,-7.244.185.963.645.570,-35.900.963.991.880.400
645,APRIGIO NEPOMUCENO,1247,2,245,111,,,,,,,,,,,,,-7.243.973.985.314.360,-35.899.059.036.746.600
646,APRIGIO NEPOMUCENO,97 - OPOSTO,1,245,,,,,,,,,,,,,,-7.242.804.039.269.680,-35.889.016.008.004.500
647,APRIGIO NEPOMUCENO,33,1,245,,,,,,,,,,,,,,-7.242.712.005.972.860,-35.888.413.013.890.300
648,UMBURANAS,40,2,245,222,,,,,,,,,,,,,-7.249.074.038.118.120,-35.924.364.002.421.400
649,UMBURANAS,200,2,245,222,,,,,,,,,,,,,-7.247.737.962.752.580,-35.924.937.995.150.600
650,UMBURANAS,AGILDO MAGAZINE,2,245,222,,,,,,,,,,,,,-7.246.482.018.381.350,-35.925.446.022.301.900
651,JABUTICABEIRAS,133,2,245,222,,,,,,,,,,,,,-7.245.381.977.409.120,-35.924.452.012.404.700
652,JAMILA ABRAAO JORGE,ESCOLA SEVERINO CABRAL,2,245,222,,,,,,,,,,,,SIM,-724.270.798.265.934,-35.923.477.029.427.800
653,AVELOZES,64,3,245,222,22,,,,,,,,,,,,-7.240.982.986.986.630,-35.924.006.011.337.000
654,PLINIO LEMOS,MATERIAL DE CONSTRUCAO,3,245,222,22,,,,,,,,,,,SIM,-7.239.052.969.962.350,-35.923.218.028.619.800
655,PLINIO LEMOS,MERCADO DAS MALVINAS - OPOSTO,3,245,222,660,,,,,,,,,,,,-7.236.614.003.777.500,-35.924.213.966.354.700
662,FLORIPEDES COUTINHO,558,2,245,263,,,,,,,,,,,,SIM,-7.228.069.994.598.620,-35.921.384.990.215.300
663,FLORIPEDES COUTINHO,1320 - OPOSTO,2,245,263,,,,,,,,,,,,SIM,-722.575.600.259.006,-35.921.478.029.340.500
664,FLORIPEDES COUTINHO,955,2,245,263,,,,,,,,,,,,,-7.222.713.958.472.010,-35.921.571.990.475.000
665,FLORIPEDES COUTINHO,807,2,245,263,,,,,,,,,,,,SIM,-7.221.236.983.314.150,-3.592.159.696.854.650
666,MANOEL JOAQUIM RIBEIRO,808 - OPOSTO,1,245,,,,,,,,,,,,,,-7.220.421.005.040.400,-35.921.480.040.997.200
667,MANOEL JOAQUIM RIBEIRO,CASA CIDE,1,245,,,,,,,,,,,,,,-722.038.596.868.515,-35.918.918.028.473.800
668,ENGENHEIRO LOURIVAL DE ANDRADE,109,1,245,,,,,,,,,,,,,,-7.218.423.010.781.400,-35.916.775.027.289.900
669,BRIGADEIRO EDUARDO GOMES,42 - OPOSTO,1,245,,,,,,,,,,,,,,-721.159.796.230.495,-3.590.973.598.882.550
670,DOMITILIA CABRAL DE CASTRO,ENTRADA UEPB,3,245,303,300,,,,,,,,,,,,-7.210.270.017.385.480,-35.911.977.980.285.800
671,UEPB,CCBS,3,245,303,300,,,,,,,,,,,SIM,-7.210.509.991.273.280,-35.915.740.029.886.300
673,UEPB,EDUCACAO FISICA,1,245,,,,,,,,,,,,,SIM,-72.110.600.117.594,-35.913.565.009.832.300
674,UEPB,,2,245,333,,,,,,,,,,,,,-721.041.401.848.197,-3.591.190.698.556.600
675,BRIGADEIRO EDUARDO GOMES,42,1,245,,,,,,,,,,,,,,-7.211.734.000.593.420,-35.909.834.979.102.000
676,CARLOS ALBERTO DE SOUZA,COMERCIO DE PEDRAS,2,245,202,,,,,,,,,,,,,-7.217.372.003.942.720,-35.915.800.966.322.400
677,CARLOS ALBERTO DE SOUZA,324,2,245,202,,,,,,,,,,,,,-7.219.083.001.837.130,-35.915.574.990.212.900
678,CARLOS ALBERTO DE SOUZA,394,2,245,202,,,,,,,,,,,,,-722.014.800.645.411,-35.915.349.014.103.400
679,MANOEL JOAQUIM RIBEIRO,208,1,245,,,,,,,,,,,,,,-7.220.408.013.090.490,-35.916.476.966.813.200
680,MANOEL JOAQUIM RIBEIRO,222,1,245,,,,,,,,,,,,,,-7.220.316.985.622.040,-35.919.012.995.436.700
681,MANOEL JOAQUIM RIBEIRO,808,1,245,,,,,,,,,,,,,,-7.220.395.021.140.570,-35.921.432.012.692.000
682,FLORIPEDES COUTINHO,906,3,245,263,20,,,,,,,,,,,,-7.222.656.961.530.440,-35.921.653.965.488.000
683,FLORIPEDES COUTINHO,420,3,245,20,263,,,,,,,,,,,,-7.226.170.990.616.080,-35.921.507.030.725.400
684,FLORIPEDES COUTINHO,553A,2,245,263,,,,,,,,,,,,,-7.228.059.014.305.470,-35.921.423.966.065.000
700,CAICO,PONTO FINAL,4,245,263,66,660,,,,,,,,,,,-7.225.706.968.456.500,-35.931.733.958.423.100
705,PLINIO LEMOS,EXPRESSO LONDRES,3,245,202,220,,,,,,,,,,,,-7.239.298.978.820.440,-3.592.320.503.666.990
706,AVELOZES,128,3,245,202,220,,,,,,,,,,,,-7.240.939.987.823.360,-35.924.108.019.098.600
707,JAMILA ABRAAO JORGE,195,2,245,202,,,,,,,,,,,,SIM,-724.242.702.126.503,-35.923.642.991.110.600
708,JAMILA ABRAAO JORGE,17,2,245,202,,,,,,,,,,,,,-7.244.312.027.469.270,-35.922.872.023.656.900
709,JABUTICABEIRAS,LANA CABELEREIRAS,2,245,202,,,,,,,,,,,,,-7.245.173.016.563.050,-35.924.371.965.229.500
710,UMBURANAS,IGREJA CONGREGACIONAL,2,245,202,,,,,,,,,,,,,-724.648.604.169.488,-35.925.483.992.323.200
711,UMBURANAS,4,2,245,202,,,,,,,,,,,,,-7.248.776.983.469.720,-35.924.548.991.024.400
765,APRIGIO NEPOMUCENO,445,2,245,111,,,,,,,,,,,,,-7.243.138.980.120.420,-35.891.872.979.700.500
623,PORTUGAL,55,6,263,903,20,303,300,222,,,,,,,,,-7.215.509.964.153.170,-35.918.688.029.050.800
815,PEDRO II,597,4,263,333,303,903,,,,,,,,,,SIM,-7.219.561.021.775.000,-35.892.828.013.747.900
828,APRIGIO VELOSO,264,1,263,,,,,,,,,,,,,,-7.216.745.037.585.490,-35.905.278.995.633.100
477,MARQUES DO HERVAL,REDEPHARMA,5,300,910,903,20,505,,,,,,,,,,-7.218.292.001.634.830,-35.885.136.025.026.400
478,MARQUES DO HERVAL,ALUÍSIO CALCADOS,5,300,910,903,20,505,,,,,,,,,,-7.218.111.958.354.710,-35.885.183.969.512.500
843,MARIA GONCALVES DE MELO,DONA LINDU II,2,300,303,,,,,,,,,,,,SIM,-7.209.315.989.166.490,-35.924.153.029.918.600
846,MARIA GONCALVES DE MELO,214 - OPOSTO,2,300,303,,,,,,,,,,,,SIM,-7.210.128.027.945.750,-35.921.002.021.059.300
848,JUVENCIO ARRUDA,CCBS - UFCG - OPOSTO,2,300,303,,,,,,,,,,,,SIM,-721.071.601.845.324,-35.919.121.038.168.600
858,OLEGARIO MACIEL,1114,2,300,303,,,,,,,,,,,,,-7.205.998.012.796.040,-35.903.399.018.570.700
152,FLORIANO PEIXOTO,JR CABELEREIRO,4,303,333,300,3,,,,,,,,,,SIM,-7.220.550.002.530.210,-3.588.642.499.409.610
332,SANTO ANTONIO,596,2,303,333,,,,,,,,,,,,,-7.215.650.025.755.160,-3.586.345.799.267.290
335,SANTO ANTONIO,645,2,303,333,,,,,,,,,,,,,-7.215.422.037.988.900,-35.863.144.006.580.100
339,SANTO ANTONIO,57 - OPOSTO,1,303,,,,,,,,,,,,,,-7.217.997.964.471.570,-35.875.196.009.874.300
340,SANTO ANTONIO,252,1,303,,,,,,,,,,,,,,-7.217.869.972.810.140,-35.873.498.003.929.800
465,SANTINA LEAO,98,3,303,555,300,,,,,,,,,,,,-7.210.346.963.256.590,-35.898.574.981.838.400
842,LUIZ MALHEIROS,175,2,303,300,,,,,,,,,,,,,-7.212.957.004.085.180,-3.592.565.699.480.470
849,JUVENCIO ARRUDA,ACUDE DE BODOCONGO,2,303,300,,,,,,,,,,,,,-7.211.160.007.864.230,-35.917.290.011.420.800
850,FRANCISCO PINTO DE OLIVEIRA,REDENTORISTA,2,303,300,,,,,,,,,,,,SIM,-7.209.081.966.429.940,-35.911.351.013.928.600
853,FRANCISCO PINTO DE OLIVEIRA,16 - OPOSTO,2,303,300,,,,,,,,,,,,,-72.069.569.863.379,-35.909.362.994.134.400
855,FRANCISCO PINTO DE OLIVEIRA,,2,303,300,,,,,,,,,,,,,-7.205.803.971.737.620,-35.907.602.962.106.400
1,CAMPOS SALES,70,4,333,555,505,3,,,,,,,,,,,-7.221.078.984.439.370,-35.874.209.962.785.200
2,CAMPOS SALES,274,4,333,3,505,555,,,,,,,,,,,-7.222.693.003.714.080,-35.873.241.014.778.600
330,MAMEDE MOISES RAIA,147 A,1,333,,,,,,,,,,,,,,-7.218.592.995.777.720,-35.868.025.962.263.300
333,SANTO ANTONIO,788,2,333,303,,,,,,,,,,,,,-7.214.870.005.846.020,-35.861.656.973.138.400
334,SANTO ANTONIO,792 - OPOSTO,2,333,303,,,,,,,,,,,,SIM,-7.214.721.981.436.010,-35.861.549.014.225.600
336,SANTO ANTONIO,945 - VIZINHO,2,333,3,,,,,,,,,,,,SIM,-7.217.103.028.669.950,-35.867.392.038.926.400
337,SANTO ANTONIO,483,1,333,,,,,,,,,,,,,,-7.217.487.003.654.240,-35.871.404.958.888.800
338,SANTO ANTONIO,323,1,333,,,,,,,,,,,,,,-7.217.752.039.432.520,-35.872.861.985.117.100
439,ARRUDA CAMARA,116 - OPOSTO,1,333,,,,,,,,,,,,,,-7.217.413.997.277.610,-35.875.546.038.150.700
582,NILO PECANHA,446,2,333,263,,,,,,,,,,,,,-7.219.613.995.403.050,-35.895.453.980.192.500
625,GETULIO VARGAS,1127,2,333,903,,,,,,,,,,,,SIM,-7.216.893.984.004.850,-3.589.512.599.632.140
626,GETULIO VARGAS,948 - OPOSTO,2,333,903,,,,,,,,,,,,,-7.217.282.988.131.040,-35.893.570.985.645.000
672,UEPB,CCBS,1,333,,,,,,,,,,,,,SIM,-7.210.400.020.703.670,-35.915.620.001.032.900
807,SEBASTIAO LOPES DE MENEZES,POSTO POLICIAL,2,333,303,,,,,,,,,,,,,-7.214.448.982.849.710,-35.855.906.987.562.700
808,PROJETADA,BAIRRO DA GLORIA,2,333,303,,,,,,,,,,,,,-7.214.858.019.724.480,-35.853.475.984.185.900
809,PROJETADA,BAIRRO DA GLORIA,2,333,303,,,,,,,,,,,,,-7.213.856.969.028.710,-35.854.707.034.304.700
813,SALVINO DE OLIVEIRA NETO,293,1,333,,,,,,,,,,,,,,-7.215.061.029.419.300,-35.871.925.977.990.000
839,JOAO MACHADO,MAIOR,2,333,263,,,,,,,,,,,,SIM,-7.221.362.041.309.470,-35.896.127.969.026.500
840,DUQUE DE CAXIAS,549,2,333,263,,,,,,,,,,,,SIM,-7.220.638.012.513.510,-35.897.120.973.095.200
841,DUQUE DE CAXIAS,FEIRA DA PRATA,2,333,263,,,,,,,,,,,,,-7.218.454.023.823.140,-35.896.583.022.549.700
844,MARIA GONCALVES DE MELO,251,1,333,,,,,,,,,,,,,,-7.209.756.039.083.000,-35.922.862.971.201.500
845,MARIA GONCALVES DE MELO,224,1,333,,,,,,,,,,,,,,-7.210.000.958.293.670,-35.921.816.993.504.700
847,JUVENCIO ARRUDA,CCBS - UFCG,1,333,,,,,,,,,,,,,SIM,-7.210.757.005.959.740,-35.919.256.992.638.100
851,FRANCISCO PINTO DE OLIVEIRA,REDENTORISTA - OPOSTO,1,333,,,,,,,,,,,,,SIM,-7.208.750.965.073.700,-35.911.173.988.133.600
852,FRANCISCO PINTO DE OLIVEIRA,16,1,333,,,,,,,,,,,,,,-7.207.263.009.622.690,-35.909.745.963.290.300
854,FRANCISCO PINTO DE OLIVEIRA,810,1,333,,,,,,,,,,,,,,-7.206.344.017.758.960,-35.908.292.960.375.500
856,MINISTRO ALCIDES CARNEIRO,HOSPITAL DA FAP - PROXIMO,1,333,,,,,,,,,,,,,,-7.204.827.982.932.320,-35.906.408.959.999.600
857,MINISTRO ALCIDES CARNEIRO,79,1,333,,,,,,,,,,,,,,-7.205.320.000.648.490,-35.904.767.028.987.400
859,OLEGARIO MACIEL,1069,1,333,,,,,,,,,,,,,,-72.066.789.586.097,-35.902.009.969.577.100
860,OLEGARIO MACIEL,821,1,333,,,,,,,,,,,,,,-7.208.257.019.519.800,-35.899.893.958.121.500
861,OLEGARIO MACIEL,481,2,333,505,,,,,,,,,,,,,-7.210.438.996.553.420,-35.897.861.011.326.300
862,JOAO MAURICIO DE MEDEIROS,382 - OPOSTO,1,333,,,,,,,,,,,,,,-7.212.024.014.443.150,-35.897.593.041.881.900
863,FRANCISCO ROSA DE FARIAS,37,1,333,,,,,,,,,,,,,,-7.213.102.011.010.050,-35.897.867.968.305.900
864,CONDE D'EU,385F,1,333,,,,,,,,,,,,,,-7.215.466.964.989.900,-35.898.406.002.670.500
52,RIO DE JANEIRO,517,2,400,101,,,,,,,,,,,,,-7.232.735.026.627.770,-3.589.394.498.616.450
203,COSTA E SILVA,675,1,400,,,,,,,,,,,,,,-7.235.800.959.169.860,-35.902.761.993.929.700
204,COSTA E SILVA,469,1,400,,,,,,,,,,,,,,-7.234.161.039.814.350,-35.902.723.018.079.900
51,ALMIRANTE BARROSO,MATERIAL DE CONSTRUCAO,10,404,400,77,90,101,902,92,901,911,900,,,,SIM,-7.230.092.966.929.070,-3.589.381.598.867.470
205,COSTA E SILVA,670,1,404,,,,,,,,,,,,,,-7.235.727.030.783.890,-35.902.899.038.046.500
206,COSTA E SILVA,ESCOLA CRISTINA PROCOPIO,1,404,,,,,,,,,,,,,SIM,-7.237.609.019.502.990,-35.902.977.995.574.400
231,VIGARIO CALIXTO,SUPERMERCADO QPRECO,2,404,245,,,,,,,,,,,,SIM,-7.231.242.964.044.210,-35.880.552.968.010.300
232,VIGARIO CALIXTO,748,2,404,245,,,,,,,,,,,,,-7.232.988.998.293.870,-35.879.817.958.921.100
233,VIGARIO CALIXTO,LUIZA MOTTA - OPOSTO,2,404,245,,,,,,,,,,,,,-7.234.259.024.262.420,-35.879.603.968.933.200
234,VIGARIO CALIXTO,1194,1,404,,,,,,,,,,,,,,-7.236.302.029.341.450,-35.879.499.027.505.500
247,ELPÍDIO DE ALMEIDA,2025,1,404,,,,,,,,,,,,,,-7.246.262.999.251.480,-35.873.430.026.695.100
248,ELPÍDIO DE ALMEIDA,QUINTA DA COLINA,2,404,4,,,,,,,,,,,,SIM,-7.244.202.978.909.010,-35.874.018.017.202.600
252,ELPÍDIO DE ALMEIDA,370,1,404,,,,,,,,,,,,,SIM,-7.231.461.983.174.080,-35.877.317.972.481.200
320,ODON BEZERRA,627,12,404,101,111,77,92,922,90,900,901,911,902,9,,,-7.236.357.014.626.260,-35.896.283.034.235.200
321,ODON BEZERRA,446 - OPOSTO,1,404,,,,,,,,,,,,,SIM,-7.236.193.986.609.570,-35.894.821.984.693.400
322,ODON BEZERRA,115,1,404,,,,,,,,,,,,,,-7.235.780.004.411.930,-35.891.706.012.189.300
349,DAMASCO,1231,1,404,,,,,,,,,,,,,,-7.235.153.038.054.700,-35.906.907.012.686.100
350,DAMASCO,1045,1,404,,,,,,,,,,,,,,-7.235.217.997.804.280,-35.905.128.959.566.300
351,DAMASCO,867,1,404,,,,,,,,,,,,,,-7.235.278.012.230.990,-35.903.590.964.153.400
352,DAMASCO,234 - OPOSTO,1,404,,,,,,,,,,,,,,-7.235.555.034.130.810,-35.898.265.019.059.100
777,ENFERMEIRA MARIA DE LOURDES SILVA,359 - OPOSTO,1,404,,,,,,,,,,,,,,-7.238.157.028.332.350,-35.901.738.982.647.600
782,NILO PECANHA,1287 - OPOSTO,1,404,,,,,,,,,,,,,,-7.227.548.975.497.480,-35.897.477.958.351.300
783,ALMEIDA BARRETO,1524,1,404,,,,,,,,,,,,,,-7.229.200.964.793.560,-35.898.115.988.820.700
784,ALMEIDA BARRETO,1750 - VIZINHO,1,404,,,,,,,,,,,,,,-7.229.434.987.530.110,-35.900.210.961.699.400
785,ALMEIDA BARRETO,FUNDICAO CENTENARIO,1,404,,,,,,,,,,,,,,-7.229.458.037.763.830,-35.901.608.979.329.400
786,ALMEIDA BARRETO,IGREJA DOS MORMAOS,1,404,,,,,,,,,,,,,SIM,-7.229.413.026.943.800,-35.901.949.033.141.100
787,ALMEIDA BARRETO,1502,1,404,,,,,,,,,,,,,,-7.229.164.000.600.570,-35.897.935.023.531.300
788,TEIXEIRA DE FREITAS,ESTADIO PRESIDENE VARGAS,1,404,,,,,,,,,,,,,,-7.226.514.983.922.240,-35.895.272.009.074.600
793,MINAS GERAIS,GINASIO COLEGIO CACILDIVA,1,404,,,,,,,,,,,,,,-7.230.488.006.025.550,-35.892.240.023.240.400
794,MARTINS JUNIOR,345,1,404,,,,,,,,,,,,,,-7.231.523.003.429.170,-35.889.781.024.307.000
817,MANOEL FELICIANO,767,1,404,,,,,,,,,,,,,,-7.238.057.032.227.510,-35.900.200.987.234.700
202,COSTA E SILVA,897,1,444,,,,,,,,,,,,,,-7.237.774.981.185.790,-35.902.844.974.771.100
243,VIGARIO CALIXTO,3800 - OPOSTO,3,444,404,4,,,,,,,,,,,SIM,-725.413.796.491.921,-35.878.782.039.508.200
253,ELPÍDIO DE ALMEIDA,PARQUE DA CRIANCA,2,444,4,,,,,,,,,,,,,-7.226.646.998.897.190,-35.877.106.999.978.400
254,ELPÍDIO DE ALMEIDA,426,1,444,,,,,,,,,,,,,,-7.229.594.998.061.650,-35.877.274.973.317.900
255,ELPÍDIO DE ALMEIDA,638,1,444,,,,,,,,,,,,,SIM,-7.231.548.987.329.000,-35.877.447.975.799.400
256,ELPÍDIO DE ALMEIDA,882,1,444,,,,,,,,,,,,,,-7.233.195.025.473.830,-35.877.114.040.777.000
257,ELPÍDIO DE ALMEIDA,1100,3,444,245,4,,,,,,,,,,,,-7.235.332.997.515.790,-35.876.535.018.905.900
258,ELPÍDIO DE ALMEIDA,POLIVALENTE - OPOSTO,3,444,4,245,,,,,,,,,,,,-7.238.157.028.332.350,-35.875.717.028.975.400
259,ELPÍDIO DE ALMEIDA,1660,3,444,4,245,,,,,,,,,,,,-7.240.334.982.052.440,-35.875.181.006.267.600
260,ELPÍDIO DE ALMEIDA,QUINTA DA COLINA - OPOSTO,2,444,4,,,,,,,,,,,,SIM,-7.243.590.010.330.080,-35.874.311.970.546.800
261,ELPÍDIO DE ALMEIDA,1954,1,444,,,,,,,,,,,,,,-7.245.936.021.208.760,-35.873.609.986.156.200
262,ELPÍDIO DE ALMEIDA,CLUBE CAMPESTRE,1,444,,,,,,,,,,,,,,-7.248.096.959.665.410,-35.873.027.024.790.600
270,VIGARIO CALIXTO,MOTIVA,1,444,,,,,,,,,,,,,SIM,-7.237.986.037.507.650,-3.587.929.199.449.710
271,VIGARIO CALIXTO,1250 - OPOSTO,1,444,,,,,,,,,,,,,,-7.236.818.019.300.690,-35.879.367.012.530.500
272,VIGARIO CALIXTO,LUIZA MOTTA,3,444,245,4,,,,,,,,,,,SIM,-7.234.244.020.655.750,-35.879.447.981.715.200
273,VIGARIO CALIXTO,607,3,444,245,4,,,,,,,,,,,,-7.232.795.041.054.480,-35.879.849.977.791.300
274,VIGARIO CALIXTO,MACÊDO RACOES,3,444,245,4,,,,,,,,,,,SIM,-7.231.631.968.170.400,-35.880.291.033.536.100
545,VIGARIO CALIXTO,3800 - OPOSTO,3,444,404,4,,,,,,,,,,,SIM,-725.413.796.491.921,-35.878.782.039.508.200
726,CONSUL JOSEPH NOUJUAIN HABIB NACAD,CEDUC - OPOSTO,2,444,4,,,,,,,,,,,,,-7.229.449.991.136.780,-35.879.935.976.117.800
729,VILA NOVA DA RAINHA,COLEGIO 11 DE OUTUBRO,4,444,4,944,903,,,,,,,,,,,-722.036.199.644.208,-35.879.335.999.488.800
730,VILA NOVA DA RAINHA,141,5,444,4,944,903,955,,,,,,,,,,-7.221.836.959.943.170,-35.878.208.968.788.300
731,VILA NOVA DA RAINHA,23 - VIZINHO,5,444,44,944,903,955,,,,,,,,,,-7.222.623.014.822.600,-35.877.588.959.410.700
778,RUA DO SOL,1093 - VIZINHO,1,444,,,,,,,,,,,,,SIM,-723.312.696.442.008,-35.905.368.011.444.800
779,ALMEIDA BARRETO,FUNDICAO CENTENARIO - OPOSTO,1,444,,,,,,,,,,,,,SIM,-7.229.560.967.534.780,-35.901.553.994.044.600
780,ALMEIDA BARRETO,1524,1,444,,,,,,,,,,,,,SIM,-7.229.389.976.710.080,-35.898.305.000.737.300
781,NILO PECANHA,1287,1,444,,,,,,,,,,,,,,-7.227.535.983.547.560,-35.897.409.981.116.600
789,SERGIPE,IGREJA,1,444,,,,,,,,,,,,,,-723.314.699.716.866,-35.891.103.018.075.200
790,SERGIPE,615,1,444,,,,,,,,,,,,,,-7.233.724.007.382.980,-3.589.100.101.031.360
792,GETULIO CAVALCANTE,7,1,444,,,,,,,,,,,,,,-7.235.415.978.357.190,-35.895.300.004.631.200
553,MARIA DE LOURDES CRISPIM LIMA,CONDOMINIO FORTALEZA,1,500,,,,,,,,,,,,,,-7.220.196.034.759.280,-35.905.441.017.821.400
554,EDMUNDO PEREIRA DE ASSIS,97,1,500,,,,,,,,,,,,,,-7.219.038.996.845.480,-35.905.273.966.491.200
555,ANTONIO JOAQUIM PEQUENO,258,1,500,,,,,,,,,,,,,,-7.218.388.980.254.530,-35.907.483.017.072.000
558,RICARDO WAGNER DA SILVEIRA PAZ,149 - OPOSTO,2,500,550,,,,,,,,,,,,,-7.219.827.985.391.020,-35.912.248.967.215.400
559,RICARDO WAGNER DA SILVEIRA PAZ,88 - OPOSTO,2,500,550,,,,,,,,,,,,,-7.217.694.036.662.570,-35.912.347.035.482.500
560,RODRIGUES ALVES,FIT ACADEMIA,2,500,263,,,,,,,,,,,,,-7.217.996.036.633.840,-35.906.547.009.944.900
561,RODRIGUES ALVES,CLINICA SANTA MARIA - OPOSTO,2,500,263,,,,,,,,,,,,,-7.218.352.016.061.540,-35.904.812.039.807.400
562,RODRIGUES ALVES,1183,2,500,263,,,,,,,,,,,,,-7.219.231.026.247.140,-35.901.131.965.219.900
563,JOSE DE ALENCAR,794 - OPOSTO,2,500,550,,,,,,,,,,,,,-7.221.396.993.845.700,-35.899.363.970.384.000
564,JOSE DE ALENCAR,238 - OPOSTO,1,500,,,,,,,,,,,,,,-7.222.455.041.483.040,-35.895.116.021.856.600
565,ANTENOR NAVARRO,310,1,500,,,,,,,,,,,,,,-7.221.532.026.305.790,-3.589.433.298.446.230
566,RODRIGUES ALVES,CASA DA PIZZA,7,500,903,20,263,300,303,333,,,,,,,,-7.221.632.022.410.630,-35.891.829.980.537.200
3,FERNANDES VIEIRA,449,2,505,550,,,,,,,,,,,,,-7.226.035.036.146.640,-35.873.269.010.335.200
4,FERNANDES VIEIRA,259,2,505,550,,,,,,,,,,,,,-722.511.101.514.101,-35.874.778.004.363.100
212,JILO GUEDES,BORBAO,6,505,3,55,92,955,333,,,,,,,,SIM,-7.218.871.023.505.920,-35.875.774.025.917.000
216,SEVERINO BEZERRA CABRAL,ESCOLA NORMAL,5,505,55,92,955,550,,,,,,,,,,-7.230.108.976.364.130,-35.872.886.963.188.600
217,SEVERINO BEZERRA CABRAL,ESCOLA NORMAL,5,505,55,92,955,550,,,,,,,,,SIM,-7.230.257.000.774.140,-35.872.779.004.275.700
218,SEVERINO BEZERRA CABRAL,AUTO SHOPPING - OPOSTO,5,505,55,92,955,550,,,,,,,,,SIM,-7.232.503.015.547.990,-35.870.958.035.811.700
219,SEVERINO BEZERRA CABRAL,COPASA,6,505,55,92,955,550,555,,,,,,,,SIM,-7.235.314.976.423.970,-35.868.600.038.811.500
220,SEVERINO BEZERRA CABRAL,EXTRA,5,505,955,92,550,555,,,,,,,,,SIM,-7.234.866.041.690.110,-35.868.728.030.472.900
221,SEVERINO BEZERRA CABRAL,POLÍCIA FEDERAL,5,505,955,92,550,555,,,,,,,,,,-7.233.202.988.281.840,-3.587.009.503.506.120
382,XV DE NOVEMBRO,518,2,505,910,,,,,,,,,,,,,-7.209.498.966.112.730,-35.891.787.987.202.400
383,XV DE NOVEMBRO,688,2,505,910,,,,,,,,,,,,,-7.208.218.965.679.400,-35.892.647.970.467.800
384,XV DE NOVEMBRO,976,2,505,910,,,,,,,,,,,,,-7.206.213.008.612.390,-35.894.088.987.261.000
385,XV DE NOVEMBRO,118,2,505,910,,,,,,,,,,,,SIM,-7.204.716.000.705.950,-35.894.807.986.915.100
455,SAO VICENTE,831,1,505,,,,,,,,,,,,,,-7.221.892.029.047.010,-35.909.257.968.887.600
479,SAO RAFAEL,389,1,505,,,,,,,,,,,,,,-7.203.895.999.118.680,-35.898.248.003.795.700
480,SAO LUCAS,480,1,505,,,,,,,,,,,,,,-7.204.595.971.852.540,-35.900.886.040.180.900
481,SAO LUCAS,738,1,505,,,,,,,,,,,,,,-7.204.820.020.124.310,-35.903.331.963.345.400
482,SAMUEL FERNANDES,377 - OPOSTO,1,505,,,,,,,,,,,,,SIM,-720.579.500.310.123,-35.900.396.034.121.500
483,FRANCISCO BORGES DA COSTA,337,1,505,,,,,,,,,,,,,,-7.206.102.032.214.400,-35.898.727.029.561.900
484,PROFESSOR BALBINO,235,1,505,,,,,,,,,,,,,,-7.208.318.039.774.890,-35.896.787.960.082.200
485,OLEGARIO MACIEL,481,2,505,333,,,,,,,,,,,,,-7.210.427.010.431.880,-35.897.933.011.874.500
486,JOAO SUASSUNA,1564,1,505,,,,,,,,,,,,,,-7.210.559.025.406.830,-35.900.014.992.803.300
487,FRANCISCO CALIXTO,521,1,505,,,,,,,,,,,,,,-7.211.453.039.199.110,-35.901.616.020.128.100
488,FRANCISCO CALIXTO,135,1,505,,,,,,,,,,,,,,-7.212.257.031.351.320,-35.901.964.036.747.800
489,JOSE AUGUSTO TRINDADE,199,1,505,,,,,,,,,,,,,SIM,-721.381.195.820.868,-35.899.876.020.848.700
492,VINTE E SETE DE JULHO,569 - OPOSTO,3,505,55,222,,,,,,,,,,,SIM,-7.222.891.990.095.370,-35.911.715.961.992.700
494,FRANCISCO ROBERTO,43 - LATERAL,1,505,,,,,,,,,,,,,,-7.227.363.986.894.480,-35.912.368.996.068.800
495,FRANCISCO ROBERTO,84 - OPOSTO,1,505,,,,,,,,,,,,,,-7.227.436.993.271.110,-35.908.818.002.790.200
496,OSVALDO CRUZ,EMBRABA - OPOSTO,1,505,,,,,,,,,,,,,SIM,-7.227.116.972.208.020,-35.907.361.982.390.200
497,NILO PECANHA,889,2,505,550,,,,,,,,,,,,,-7.224.416.993.558.400,-35.896.641.025.319.600
577,SEVERINO BEZERRA CABRAL,COPASA,6,505,55,92,955,550,555,,,,,,,,SIM,-7.235.314.976.423.970,-35.868.600.038.811.500
578,SEVERINO BEZERRA CABRAL,COPASA,6,505,55,92,955,550,555,,,,,,,,SIM,-7.235.314.976.423.970,-35.868.600.038.811.500
579,SEVERINO BEZERRA CABRAL,EXTRA,5,505,955,92,550,555,,,,,,,,,SIM,-7.234.866.041.690.110,-35.868.728.030.472.900
141,ANTONIO VILARIM,344,2,550,55,,,,,,,,,,,,,-7.241.656.975.820.660,-35.872.124.964.371.300
142,EUTECIA VITAL RIBEIRO,APAE,2,550,55,,,,,,,,,,,,SIM,-7.240.926.995.873.450,-3.587.140.697.054.560
224,SEVERINO BEZERRA CABRAL,205,3,550,955,92,,,,,,,,,,,,-7.226.597.964.763.640,-3.587.557.403.370.730
436,TITO SODRE,63,2,550,555,,,,,,,,,,,,SIM,-7.226.809.021.085.500,-35.872.079.031.541.900
490,ABEL COSTA,35,2,550,505,,,,,,,,,,,,,-7.218.054.961.413.140,-35.908.233.029.767.800
491,ABEL COSTA,567 - OPOSTO,2,550,505,,,,,,,,,,,,SIM,-7.221.237.989.142.530,-35.908.882.962.539.700
583,NILO PECANHA,762,1,550,,,,,,,,,,,,,,-7.222.660.984.843.960,-35.896.250.009.536.700
148,CAMPOS SALES,347,1,555,,,,,,,,,,,,,,-7.223.361.963.406.200,-35.873.049.991.205.300
222,SEVERINO BEZERRA CABRAL,AUTO-MOTIVA,4,555,955,92,550,,,,,,,,,,,-7.229.684.013.873.330,-35.873.016.966.506.800
223,SEVERINO BEZERRA CABRAL,AUTO-MOTIVA,4,555,955,92,550,,,,,,,,,,SIM,-7.229.545.963.928.100,-35.873.124.003.410.300
341,PEDRO DA COSTA AGRA,202,2,555,550,,,,,,,,,,,,,-7.223.551.981.151.100,-35.868.210.028.856.900
342,PEDRO DA COSTA AGRA,382,2,555,550,,,,,,,,,,,,,-7.225.493.984.296.910,-35.868.283.035.233.600
343,PEDRO DA COSTA AGRA,613 - OPOSTO,2,555,550,,,,,,,,,,,,,-7.227.364.992.722.860,-3.586.831.396.445.630
416,PROFESSOR BALBINO,601,2,555,910,,,,,,,,,,,,,-7.205.889.970.064.160,-35.894.950.982.183.200
417,SAO JOAO,57,2,555,910,,,,,,,,,,,,,-7.207.728.959.619.990,-35.895.435.959.100.700
418,SAO JOAO,271,2,555,910,,,,,,,,,,,,,-720.818.099.565.804,-35.894.440.021.365.800
419,DESEMBARGADOR AZEVEDO,791,2,555,910,,,,,,,,,,,,,-7.209.417.996.928.090,-35.893.074.022.606.000
420,DESEMBARGADOR AZEVEDO,445 - LATERAL,2,555,910,,,,,,,,,,,,,-7.211.022.963.747.380,-35.891.942.968.592.000
424,PEDRO DA COSTA AGRA,789 - OPOSTO,2,555,550,,,,,,,,,,,,,-7.228.864.012.286.060,-35.868.361.992.761.400
425,ANTONIO JOSE RODRIGUES,34,1,555,,,,,,,,,,,,,,-7.231.138.022.616.500,-35.866.933.967.918.100
426,ANTONIO JOSE RODRIGUES,292,1,555,,,,,,,,,,,,,,-7.232.893.025.502.560,-35.865.485.994.145.200
427,ENGENHEIRO JOSE CELINO FILHO,COLINAS DO MIRANTE (OPOSTO),1,555,,,,,,,,,,,,,,-7.234.277.967.363.590,-35.864.799.013.361.300
435,JOAO HONORIO DE MELO,76 - OPOSTO,1,555,,,,,,,,,,,,,,-7.228.684.974.834.320,-35.872.520.003.467.700
442,OSVALDO CRUZ,382,1,555,,,,,,,,,,,,,,-722.491.898.573.935,-35.900.190.006.941.500
443,OSVALDO CRUZ,505 - OPOSTO,1,555,,,,,,,,,,,,,SIM,-7.225.269.014.015.790,-35.901.463.972.404.500
444,OSVALDO CRUZ,785,1,555,,,,,,,,,,,,,SIM,-7.225.742.004.811.760,-35.903.055.025.264.600
445,OSVALDO CRUZ,EMBRAPA,1,555,,,,,,,,,,,,,SIM,-7.226.902.982.220.050,-35.907.151.009.887.400
446,OSVALDO CRUZ,1309 - OPOSTO,1,555,,,,,,,,,,,,,SIM,-7.227.317.970.246.070,-35.908.436.039.462.600
447,OSVALDO CRUZ,290,1,555,,,,,,,,,,,,,,-722.719.500.772.655,-35.911.065.023.392.400
448,FRANCISCO ROBERTO,472,1,555,,,,,,,,,,,,,,-7.227.246.975.526.210,-3.591.285.296.715.790
461,JOSE AUGUSTO TRINDADE,76,1,555,,,,,,,,,,,,,,-7.214.921.973.645.680,-35.900.409.026.071.400
462,JOSE AUGUSTO TRINDADE,326A,1,555,,,,,,,,,,,,,SIM,-72.127.799.782.902,-35.899.292.975.664.100
463,JOSE AUGUSTO TRINDADE,407 - OPOSTO,1,555,,,,,,,,,,,,,,-7.211.616.989.225.140,-35.899.094.995.111.200
464,JOAO SUASSUNA,1313 - OPOSTO,1,555,,,,,,,,,,,,,SIM,-7.211.536.020.040.510,-35.897.922.031.581.400
466,PROFESSOR BALBINO,10,1,555,,,,,,,,,,,,,,-7.209.980.003.535.740,-35.897.869.979.962.700
467,FRANCISCO BORGES DA COSTA,150,1,555,,,,,,,,,,,,,SIM,-7.207.197.966.054.080,-35.897.271.009.162.000
468,SAMUEL FERNANDES,331,1,555,,,,,,,,,,,,,,-7.205.791.985.616.080,-35.900.703.985.244.000
469,AGOSTINHO SANTOS,147,1,555,,,,,,,,,,,,,,-7.205.198.965.966.700,-3.590.150.797.739.620
470,ADALGISA RAMOS RAIA,192,1,555,,,,,,,,,,,,,,-7.203.553.011.640.900,-35.903.405.975.550.400
471,ADALGISA RAMOS RAIA,40 - OPOSTO,1,555,,,,,,,,,,,,,,-7.202.500.998.973.840,-35.902.476.003.393.500
472,MANOEL ALEXANDRINO DE ARAUJO,313,1,555,,,,,,,,,,,,,,-7.202.958.986.163.130,-35.901.360.958.814.600
473,MANOEL ALEXANDRINO DE ARAUJO,169,1,555,,,,,,,,,,,,,,-7.204.435.961.320.990,-35.901.374.034.583.500
474,SAO LUCAS,480,1,555,,,,,,,,,,,,,,-7.204.622.039.571.400,-35.900.876.987.725.400
475,CONDE DE MONTE CRISTO,154 - OPOSTO,1,555,,,,,,,,,,,,,SIM,-7.202.651.035.040.610,-35.897.594.969.719.600
476,SIQUEIRA CAMPOS,1045,2,555,910,,,,,,,,,,,,,-7.215.046.025.812.620,-35.890.061.985.701.300
106,FLORIANO PEIXOTO,DAMAS,4,660,66,263,222,,,,,,,,,,SIM,-7.220.322.014.763.950,-35.885.846.978.053.400
656,PLINIO LEMOS,PIRAMIDAL BAR - OPOSTO,3,660,222,245,,,,,,,,,,,SIM,-7.234.399.002.045.390,-35.925.132.036.209.100
657,PLINIO LEMOS,380 - OPOSTO,4,660,245,263,222,,,,,,,,,,SIM,-7.231.712.015.345.690,-35.926.256.971.433.700
658,LEONARDO COSTA VASCONCELOS,7,4,660,222,245,263,,,,,,,,,,,-7.230.767.039.582.130,-35.924.979.988.485.500
659,LEONARDO COSTA VASCONCELOS,RESTAURANTE VITORIA - OPOSTO,4,660,222,245,263,,,,,,,,,,,-7.230.428.997.427.220,-35.924.114.976.078.200
660,GUARABIRA,VERA CABELEREIRA - OPOSTO,4,660,222,245,263,,,,,,,,,,,-7.230.516.001.582.140,-35.922.558.959.573.500
661,SEBASTIAO MARTINS DE OLIVEIRA,HAIR FLY - OPOSTO,4,660,222,245,263,,,,,,,,,,SIM,-7.229.632.968.083.020,-3.592.112.397.775.050
690,OLINDA,86A,3,660,245,263,,,,,,,,,,,,-7.234.903.005.883.090,-35.926.726.022.735.200
691,OLINDA,162,3,660,245,263,,,,,,,,,,,,-7.235.225.960.612.290,-35.927.585.000.172.200
692,SANTAREM,314,3,660,245,263,,,,,,,,,,,,-7.234.239.997.342.220,-35.928.237.028.419.900
693,GARANHUNS,65 - OPOSTO,3,660,245,263,,,,,,,,,,,SIM,-7.233.785.027.638.070,-3.592.918.099.835.510
694,GARANHUNS,235 - OPOSTO,3,660,245,263,,,,,,,,,,,,-7.234.463.039.785.620,-35.930.842.962.116.000
695,MARIA DA GUIA MUNIZ ALBUQUERQUE,700,3,660,245,263,,,,,,,,,,,,-7.233.656.030.148.260,-35.931.686.013.936.900
696,MARIA DA GUIA MUNIZ ALBUQUERQUE,850,3,660,245,263,,,,,,,,,,,,-7.232.580.967.247.480,-35.931.883.994.489.900
697,MARIA DA GUIA MUNIZ ALBUQUERQUE,1090,3,660,245,263,,,,,,,,,,,,-7.230.721.022.933.720,-35.931.958.006.694.900
698,MARIA DA GUIA MUNIZ ALBUQUERQUE,THIAGO CABELEREIRO,3,660,245,263,,,,,,,,,,,SIM,-7.229.338.008.910.410,-35.931.799.001.991.700
699,MARIA DA GUIA MUNIZ ALBUQUERQUE,112B,3,660,245,263,,,,,,,,,,,,-7.227.298.021.316.520,-35.931.590.041.145.600
701,CAICO,20,3,660,245,263,,,,,,,,,,,,-722.674.397.751.689,-35.930.262.012.407.100
702,CAICO,PANIFICADORA,3,660,245,263,,,,,,,,,,,SIM,-7.228.990.998.119.110,-35.928.530.981.764.100
703,CAICO,ESCOLA CARLOS DRUMOND DE ANDRADE,3,660,245,263,,,,,,,,,,,SIM,-7.231.217.985.972.760,-35.927.347.037.941.200
875,SANTAREM,,3,660,263,245,,,,,,,,,,,,-7.233.733.981.847.760,-35.928.427.968.174.200
876,SANTAREM,NECAO BAR - OPOSTO,3,660,263,245,,,,,,,,,,,,-7.233.778.992.667.790,-35.928.475.996.479.300
886,ENGENHEIRO LOURIVAL DE ANDRADE,CENTRO AUTOMOTIVO - OPOSTO,1,660,,,,,,,,,,,,,,-72.306.979.727,-35.916.345.035.657.200
887,ENGENHEIRO LOURIVAL DE ANDRADE,1835,1,660,,,,,,,,,,,,,,-7.231.026.040.390.130,-35.916.199.022.904.000
50,DOM PEDRO I,MORTUARIA,10,900,400,77,90,101,902,92,901,911,900,,,,,-7.227.843.012.660.740,-35.893.326.988.443.700
100,FLORIANO PEIXOTO,1054,5,901,911,900,90,9,,,,,,,,,,-7.217.594.962.567.090,-35.879.602.041.095.400
170,FRANCISCO LOPES DE ALMEIDA,2011 - OPOSTO,3,902,92,922,,,,,,,,,,,,-7.251.530.019.566.410,-35.928.287.990.391.200
105,FLORIANO PEIXOTO,JUIZADO DO CONSUMIDOR,1,903,,,,,,,,,,,,,,-7.219.114.014.878.860,-35.883.358.977.735.000
457,APRÍGIO VELOSO,CANTINHO UNIVERSITARIO,9,903,263,303,505,555,20,222,500,300,,,,,SIM,-7.217.435.035.854.570,-3.590.921.999.886.630
458,APRÍGIO VELOSO,CABRAL,7,903,20,300,555,303,333,20,,,,,,,SIM,-7.216.677.982.360.120,-35.907.176.993.787.200
459,APRÍGIO VELOSO,CABRAL,7,903,20,300,555,303,333,20,,,,,,,SIM,-7.216.677.982.360.120,-35.907.176.993.787.200
460,APRÍGIO VELOSO,LUCENA RACOES,7,903,20,300,555,303,333,20,,,,,,,SIM,-7.216.170.039.027.920,-35.904.587.991.535.600
596,APRIGIO VELOSO,1495 - OPOSTO,4,903,263,20,333,,,,,,,,,,SIM,-7.216.336.000.710.720,-3.591.620.497.405.520
597,PORTUGAL,255 - OPOSTO,4,903,263,20,333,,,,,,,,,,,-7.214.297.018.945.210,-35.919.752.027.839.400
598,BR-230,MASTODONTE,1,903,,,,,,,,,,,,,SIM,-7.197.119.984.775.780,-35.955.746.015.533.800
599,BENICIO FERNANDES,352 - SAO JOSE DA MATA,1,903,,,,,,,,,,,,,SIM,-7.180.605.959.147.210,-35.984.829.962.253.500
600,MONSENHOR SALES,LAVA JATO - SAO JOSE DA MATA,1,903,,,,,,,,,,,,,SIM,-7.184.027.032.926.670,-35.981.542.998.924.800
601,BR-230,CHURRASCARIA RECANTO DAS AGUAS,1,903,,,,,,,,,,,,,SIM,-7.186.319.986.358.280,-35.971.540.035.679.900
602,BR-230,5825,1,903,,,,,,,,,,,,,SIM,-7.188.067.026.436.320,-35.968.804.014.846.600
603,BR-230,4385,1,903,,,,,,,,,,,,,SIM,-7.195.101.035.758.850,-35.962.180.970.236.600
604,BR-230,3425,1,903,,,,,,,,,,,,,SIM,-7.199.032.986.536.620,-35.953.638.972.714.500
605,BR-230,ESCOLA MUNICIPAL MAURO LUNA,1,903,,,,,,,,,,,,,SIM,-7.200.688.999.146.220,-3.595.268.502.831.450
606,APRIGIO VELOSO,COLEGIO CARMELA VELOSO,1,903,,,,,,,,,,,,,SIM,-7.216.616.962.105.030,-35.915.326.969.698.000
608,BR-230,2105 - OPOSTO,1,903,,,,,,,,,,,,,SIM,-7.205.248.000.100.250,-35.950.070.964.172.400
609,BR-230,ESCOLA IRMA JOAQUINA SAMPAIO,1,903,,,,,,,,,,,,,SIM,-7.208.444.019.779.560,-35.946.581.996.977.300
610,RAFAELA SOUSA E SILVA,J.N. CARNES,1,903,,,,,,,,,,,,,SIM,-7.227.204.982.191.320,-35.951.614.994.555.700
611,RAFAELA SOUSA E SILVA,18,1,903,,,,,,,,,,,,,SIM,-7.225.909.978.151.320,-35.950.433.984.398.800
612,RAFAELA SOUSA E SILVA,28 - OPOSTO,1,903,,,,,,,,,,,,,,-7.224.615.979.939.690,-35.949.206.035.584.200
613,RAFAELA SOUSA E SILVA,54 - OPOSTO,1,903,,,,,,,,,,,,,SIM,-7.223.359.029.740.090,-3.594.877.302.646.630
614,RAFAELA SOUSA E SILVA,,1,903,,,,,,,,,,,,,,-7.220.800.034.701.820,-35.950.849.978.253.200
615,RAFAELA SOUSA E SILVA,,1,903,,,,,,,,,,,,,,-7.219.862.015.917.890,-35.951.129.011.809.800
616,ARISTIDES OLIMPIO MAIA,PRESIDIO DO SERROTAO,1,903,,,,,,,,,,,,,SIM,-7.216.864.982.619.880,-35.951.015.017.926.600
617,ARISTIDES OLIMPIO MAIA,9A - OPOSTO,1,903,,,,,,,,,,,,,,-7.214.257.959.276.430,-35.949.135.040.864.300
618,BR-230,828 - OPOSTO,1,903,,,,,,,,,,,,,SIM,-7.210.505.967.959.760,-35.940.056.014.806.000
619,BR-230,,1,903,,,,,,,,,,,,,SIM,-7.210.646.029.561.750,-35.933.462.977.409.300
620,BR-230,1479,1,903,,,,,,,,,,,,,SIM,-7.211.549.011.990.420,-35.930.354.967.713.300
621,BR-230,1365,1,903,,,,,,,,,,,,,SIM,-7.212.834.963.575.000,-3.592.821.397.818.620
622,BR-230,1016 - OPOSTO,1,903,,,,,,,,,,,,,,-7.213.719.002.902.500,-35.926.401.978.358.600
624,APRIGIO VELOSO,COLEGIO CARMELA VELOSO,7,903,222,20,303,300,263,245,,,,,,,SIM,-7.216.616.962.105.030,-35.915.326.969.698.000
451,APRÍGIO VELOSO,UFCG,10,909,303,20,263,202,222,55,500,505,555,,,,,-7.217.199.001.461.260,-35.909.094.018.861.600
452,APRÍGIO VELOSO,UFCG,10,909,303,20,263,202,222,55,500,505,555,,,,,-7.217.199.001.461.260,-35.909.094.018.861.600
453,APRÍGIO VELOSO,UFCG,10,909,303,20,263,202,222,55,500,505,555,,,,SIM,-7.217.166.982.591.150,-35.909.002.991.393.200
454,APRÍGIO VELOSO,LAVA-JATO - OPOSTO,10,909,303,20,263,202,222,55,500,505,555,,,,,-7.217.154.996.469.610,-35.910.752.965.137.300
386,XV DE NOVEMBRO,EST DA PALMEIRA,1,910,,,,,,,,,,,,,SIM,-7.199.415.033.683.180,-3.589.598.597.958.680
387,ANTONIO ALVES LIMA,368,1,910,,,,,,,,,,,,,,-7.196.333.007.887.000,-35.892.514.027.655.100
388,ROBERVAL RODRIGUES DE LIMA,230 - OPOSTO,1,910,,,,,,,,,,,,,,-7.196.930.972.859.260,-35.891.917.990.520.500
389,ANTONIO ALVES LIMA,40B - OPOSTO,1,910,,,,,,,,,,,,,,-7.196.212.979.033.580,-35.892.832.037.061.400
390,PARIS,2636 - OPOSTO,1,910,,,,,,,,,,,,,,-7.189.511.982.724.070,-35.898.512.033.745.600
391,PARIS,2819,1,910,,,,,,,,,,,,,,-718.656.700.104.475,-35.900.479.014.962.900
392,JENIPAPO,,1,910,,,,,,,,,,,,,,-7.167.248.977.348.200,-35.913.587.976.247.000
393,JENIPAPO,,1,910,,,,,,,,,,,,,,-7.167.753.987.014.290,-3.591.590.297.408.400
394,JENIPAPO,,1,910,,,,,,,,,,,,,SIM,-7.167.693.972.587.580,-35.918.322.997.167.700
395,JENIPAPO,,1,910,,,,,,,,,,,,,,-7.166.204.005.479.810,-35.917.760.990.560.000
396,JENIPAPO,,1,910,,,,,,,,,,,,,,-716.202.998.533.845,-35.917.279.031.127.600
397,JENIPAPO,,1,910,,,,,,,,,,,,,SIM,-7.159.810.960.292.810,-35.918.186.958.879.200
398,JENIPAPO,PONTO FINAL,1,910,,,,,,,,,,,,,SIM,-7.157.697.966.322.300,-35.917.173.000.052.500
399,JENIPAPO,IGREJA,1,910,,,,,,,,,,,,,,-7.166.695.017.367.600,-35.910.170.003.771.700
400,JENIPAPO,476,1,910,,,,,,,,,,,,,,-7.167.695.984.244.340,-3.590.928.403.660.650
401,PARIS,CHACARA,1,910,,,,,,,,,,,,,,-7.177.848.983.556.030,-35.908.419.024.199.200
402,PARIS,2429,1,910,,,,,,,,,,,,,SIM,-7.181.392.014.026.640,-35.906.052.980.571.900
403,BRUXELAS,101 - OPOSTO,1,910,,,,,,,,,,,,,SIM,-7.189.952.032.640.570,-35.903.366.999.700.600
404,BRUXELAS,101,1,910,,,,,,,,,,,,,,-7.189.951.026.812.190,-35.903.297.010.809.100
405,BRUXELAS,27,1,910,,,,,,,,,,,,,,-7.187.995.025.888.080,-35.904.007.963.836.100
406,BERNA,DEPOSITO DE GAS,1,910,,,,,,,,,,,,,,-718.708.198.517.561,-35.902.779.009.193.100
407,MADRID,460,1,910,,,,,,,,,,,,,,-7.187.171.000.987.290,-35.903.747.035.190.400
408,BRUXELAS,COLEGIO ESTADUAL,1,910,,,,,,,,,,,,,,-7.185.441.982.001.060,-35.904.957.968.741.600
409,VARSOVIA,,1,910,,,,,,,,,,,,,SIM,-718.383.802.101.016,-35.902.822.008.356.400
410,PARIS,,1,910,,,,,,,,,,,,,SIM,-7.185.846.995.562.310,-35.901.279.989.629.900
411,PARIS,2933,1,910,,,,,,,,,,,,,SIM,-7.193.471.007.049.080,-35.895.528.998.225.900
412,XV DE NOVEMBRO,TV PARAÍBA,1,910,,,,,,,,,,,,,SIM,-7.196.352.034.807.200,-35.895.913.979.038.500
413,XV DE NOVEMBRO,EST DA PALMEIRA,1,910,,,,,,,,,,,,,,-7.199.545.037.001.370,-35.896.055.968.478.300
414,XV DE NOVEMBRO,1369,2,910,555,,,,,,,,,,,,,-7.202.844.992.280.000,-35.895.320.037.379.800
415,XV DE NOVEMBRO,1225,2,910,555,,,,,,,,,,,,,-7.204.260.025.173.420,-35.894.948.970.526.400
766,XV DE NOVEMBRO,TV PARAIBA,1,910,,,,,,,,,,,,,,-7.196.017.010.137.430,-35.895.809.037.610.800
818,RAUL PEREIRA DA SILVA,UBSF,1,922,,,,,,,,,,,,,SIM,-725.314.998.999.238,-3.593.459.696.508.940
819,ZACARIAS RIBEIRO VASCONCELOS,270A,1,922,,,,,,,,,,,,,,-7.254.256.987.944.240,-35.934.174.014.255.400
820,ZACARIAS RIBEIRO VASCONCELOS,110,1,922,,,,,,,,,,,,,,-7.254.591.006.785.630,-35.933.914.007.619.000
214,SEVERINO CRUZ,COLEGIO FÊNIX,3,944,404,4,,,,,,,,,,,SIM,-7.223.130.036.145.440,-35.878.176.027.908.900
215,SEVERINO CRUZ,HOSPITAL GARDEN,3,944,404,4,,,,,,,,,,,,-7.225.414.020.940.660,-35.882.734.023.034.500
228,BR-104 (SUL),PARQUE DE EXPOSICOES,1,944,,,,,,,,,,,,,SIM,-7.285.508.997.738.360,-35.889.586.983.248.500
283,ASSIS CHATEAUBRIAND,1750 - OPOSTO,1,944,,,,,,,,,,,,,SIM,-7.243.172.004.818.910,-35.887.877.997.010.900
284,ASSIS CHATEAUBRIAND,ESCOLA MONSENHOR SALES,1,944,,,,,,,,,,,,,SIM,-7.246.418.986.469.500,-35.887.400.982.901.400
285,ASSIS CHATEAUBRIAND,VOLVO,1,944,,,,,,,,,,,,,,-725.119.398.906.827,-3.588.737.198.151.640
286,ASSIS CHATEAUBRIAND,CDRM,1,944,,,,,,,,,,,,,,-7.252.850.001.677.870,-35.887.302.998.453.300
287,ASSIS CHATEAUBRIAND,NAZARIA,1,944,,,,,,,,,,,,,SIM,-7.257.735.980.674.620,-35.887.181.041.762.200
288,ASSIS CHATEAUBRIAND,BETONITA,1,944,,,,,,,,,,,,,SIM,-7.259.607.994.928.950,-35.887.223.035.097.100
289,ASSIS CHATEAUBRIAND,COTEBRAS,1,944,,,,,,,,,,,,,SIM,-7.261.961.968.615.650,-35.887.444.987.893.100
290,ASSIS CHATEAUBRIAND,REPLASTIL,1,944,,,,,,,,,,,,,,-7.263.512.033.969.160,-35.887.603.992.596.200
291,ASSIS CHATEAUBRIAND,ALPARGATAS,1,944,,,,,,,,,,,,,SIM,-7.266.591.964.289.540,-35.887.856.036.424.600
292,ASSIS CHATEAUBRIAND,SESI - OPOSTO,1,944,,,,,,,,,,,,,SIM,-7.269.147.019.833.320,-35.888.087.963.685.300
293,ASSIS CHATEAUBRIAND,VIPEX,1,944,,,,,,,,,,,,,,-7.270.507.989.451.280,-35.888.066.003.099.000
294,ASSIS CHATEAUBRIAND,CINEP,1,944,,,,,,,,,,,,,SIM,-7.268.745.023.757.210,-35.887.913.033.366.200
295,ASSIS CHATEAUBRIAND,LANCHONETE VIDA NOVA,1,944,,,,,,,,,,,,,SIM,-7.267.281.040.549.270,-35.887.782.024.219.600
296,ASSIS CHATEAUBRIAND,SILVANA,1,944,,,,,,,,,,,,,SIM,-7.266.350.984.573.360,-35.887.700.971.215.900
297,ASSIS CHATEAUBRIAND,BAR DO PAREDAO - OPOSTO,1,944,,,,,,,,,,,,,SIM,-7.265.045.000.240.200,-35.887.567.028.403.200
298,ASSIS CHATEAUBRIAND,BARRACA SAO JOSE,1,944,,,,,,,,,,,,,SIM,-7.263.536.006.212.230,-35.887.450.017.035.000
299,ASSIS CHATEAUBRIAND,FENOPLAST,1,944,,,,,,,,,,,,,SIM,-7.261.808.998.882.770,-35.887.281.037.867.000
300,ASSIS CHATEAUBRIAND,NAZARIA,1,944,,,,,,,,,,,,,SIM,-7.257.565.995.678.300,-358.870.480.209.589
301,ASSIS CHATEAUBRIAND,2935,1,944,,,,,,,,,,,,,,-7.255.590.967.833.990,-35.887.131.001.800.200
302,ASSIS CHATEAUBRIAND,VOLVO - OPOSTO,1,944,,,,,,,,,,,,,SIM,-7.251.034.984.365.100,-3.588.722.001.761.190
319,ASSIS CHATEAUBRIAND,RIO DO PEIXE,1,944,,,,,,,,,,,,,SIM,-7.230.884.972.959.750,-35.889.165.960.252.200
498,BR-104 (SUL),POSTO DALLAS,1,944,,,,,,,,,,,,,,-7.287.927.009.165.280,-35.889.921.002.089.900
499,GAMA QUATRO,,1,944,,,,,,,,,,,,,,-7.290.431.018.918.750,-35.890.875.030.308.900
500,SEVERINO JOSE DE BRITO,,1,944,,,,,,,,,,,,,,-7.290.073.027.834.290,-35.892.215.967.178.300
501,JOANA ALVES DE MELO,55,1,944,,,,,,,,,,,,,,-7.289.276.998.490.090,-35.892.965.979.874.100
502,ANDRE DIAS PEREIRA,333,1,944,,,,,,,,,,,,,,-7.288.257.004.693.150,-35.893.227.998.167.200
503,ANDRE DIAS PEREIRA,IGREJA BATISTA,1,944,,,,,,,,,,,,,,-7.287.242.962.047.450,-3.589.469.600.468.870
504,ANDRE DIAS PEREIRA,PRACA,1,944,,,,,,,,,,,,,SIM,-7.286.589.005.962.010,-35.895.603.010.430.900
505,MAURILIO PACHECO DE BRITO,34A,1,944,,,,,,,,,,,,,SIM,-7.288.119.960.576.290,-35.896.787.038.072.900
506,FIRMINO LEOPOLDINO DA COSTA,99,1,944,,,,,,,,,,,,,,-7.287.188.982.591.030,-35.896.357.968.449.500
507,ANDRE DIAS PEREIRA,PRACA - OPOSTO,1,944,,,,,,,,,,,,,,-7.286.650.026.217.100,-35.895.612.984.895.700
508,ANDRE DIAS PEREIRA,226,1,944,,,,,,,,,,,,,,-7.287.682.006.135.580,-35.894.128.968.939.100
509,ANDRE DIAS PEREIRA,MERCADINHO GB,1,944,,,,,,,,,,,,,SIM,-7.288.333.028.554.910,-35.893.218.023.702.500
510,JOANA ALVES DE MELO,45,1,944,,,,,,,,,,,,,,-7.289.149.006.828.660,-35.893.223.974.853.700
511,GAMA QUATRO,120,1,944,,,,,,,,,,,,,,-7.290.501.007.810.230,-35.891.573.997.214.400
512,JOSEFINA DE SOUSA MONTENEGRO,237,1,944,,,,,,,,,,,,,,-7.295.007.035.136.220,-35.887.922.002.002.500
513,JOSEFINA DE SOUSA MONTENEGRO,458 - OPOSTO,1,944,,,,,,,,,,,,,,-7.296.946.020.796.890,-35.886.711.990.460.700
514,CARMELITA JOSE DOS SANTOS,86 - OPOSTO,1,944,,,,,,,,,,,,,,-7.298.145.974.054.930,-3.588.301.096.111.530
515,CARMELITA JOSE DOS SANTOS,180 - OPOSTO,1,944,,,,,,,,,,,,,,-7.297.965.008.765.450,-3.588.111.899.793.140
516,CARMELITA JOSE DOS SANTOS,177 - OPOSTO,1,944,,,,,,,,,,,,,,-7.297.904.994.338.750,-358.811.179.921.031
517,CARMELITA JOSE DOS SANTOS,86,1,944,,,,,,,,,,,,,,-7.298.106.998.205.180,-35.882.904.008.030.800
518,FELIPE GOMES DA COSTA,IGREJA,1,944,,,,,,,,,,,,,,-7.292.924.970.388.410,-35.888.848.034.664.900
519,FELIPE GOMES DA COSTA,118 - OPOSTO,1,944,,,,,,,,,,,,,SIM,-7.292.839.977.890.250,-35.889.423.033.222.500
520,BR-104 (SUL),LANCHONETE DA PEDRA,1,944,,,,,,,,,,,,,,-729.027.695.953.846,-35.890.192.994.847.800
521,BR-104 (SUL),LANCHONETE DA PEDRA,1,944,,,,,,,,,,,,,SIM,-7.290.372.010.320.420,-35.890.197.018.161.400
522,BR-104 (SUL),POSTO DALLAS - OPOSTO,1,944,,,,,,,,,,,,,,-7.287.701.033.055.780,-3.588.975.696.824.490
523,BR-104 (SUL),PARQUE DE EXPOSICOES,1,944,,,,,,,,,,,,,,-7.285.144.971.683.620,-35.889.421.021.565.700
524,BR-104 (SUL),PARQUE MOTEL,1,944,,,,,,,,,,,,,,-7.280.093.031.004.070,-35.888.958.005.234.500
525,ASSIS CHATEAUBRIAND,CAMPO SANTO,1,944,,,,,,,,,,,,,,-7.276.055.971.160.530,-35.888.718.031.346.700
526,ASSIS CHATEAUBRIAND,CONAB,1,944,,,,,,,,,,,,,,-7.271.829.983.219.500,-35.888.215.033.337.400
527,ASSIS CHATEAUBRIAND,CONAB - OPOSTO,1,944,,,,,,,,,,,,,,-7.271.266.970.783.470,-35.888.278.987.258.600
528,VIGARIO CALIXTO,LUIZA MOTTA,1,944,,,,,,,,,,,,,SIM,-7.234.244.020.655.750,-35.879.447.981.715.200
795,ASSIS CHATEAUBRIAND,ART DESIGN - VIZINHO,1,944,,,,,,,,,,,,,,-7.243.154.989.555.470,-35.887.764.003.127.800
11,BR-230,TERMO-PU - OPOSTO,1,955,,,,,,,,,,,,,,-7.243.101.010.099.050,-3.585.587.203.502.650
95,BR-230,5995,1,955,,,,,,,,,,,,,SIM,-7.252.281.038.090.580,-35.836.570.020.765.000
96,BR-230,5725,1,955,,,,,,,,,,,,,SIM,-7.250.783.024.355.760,-35.840.499.037.876.700
207,MANOEL GONCALVES DE GUMARAES,FIEP,7,955,4,92,550,444,903,404,,,,,,,SIM,-7.222.213.977.947.830,-35.875.603.035.092.300
208,JILO GUEDES,39,12,955,4,92,550,444,903,404,3,303,55,505,555,,SIM,-7.218.668.013.811.110,-3.587.548.702.955.240
230,SEVERINO BEZERRA CABRAL,HOSPITAL MARIANA,5,955,505,92,55,550,,,,,,,,,SIM,-7.226.385.064.423.080,-35.875.945.352.017.800
139,PROFESSOR MIRON,217,0,,,,,,,,,,,,,,,-7.230.090.033.262.960,-35.868.856.022.134.400
143,FLORIANO PEIXOTO,BOMPRECO,0,,,,,,,,,,,,,,SIM,-7.218.091.003.596.780,-35.881.127.966.567.800
144,FLORIANO PEIXOTO,BOMPRECO,0,,,,,,,,,,,,,,SIM,-7.218.154.035.508.630,-3.588.124.799.542.120
145,FLORIANO PEIXOTO,ARCA CATEDRAL,0,,,,,,,,,,,,,,SIM,-7.218.463.998.287.910,-35.881.946.040.317.400
146,FLORIANO PEIXOTO,ANTIGO PHD,0,,,,,,,,,,,,,,SIM,-7.218.560.976.907.610,-3.588.219.297.118.480
149,FLORIANO PEIXOTO,PRACA DA BANDEIRA,0,,,,,,,,,,,,,,SIM,-7.219.895.962.625.740,-35.885.014.990.344.600
151,FLORIANO PEIXOTO,DAMAS,0,,,,,,,,,,,,,,SIM,-7.220.155.969.262.120,-35.885.573.979.467.100
155,FLORIANO PEIXOTO,ARCA TITAO,0,,,,,,,,,,,,,,SIM,-7.220.496.023.073.790,-35.885.902.969.166.600
225,MANOEL TAVARES,SENAC,0,,,,,,,,,,,,,,SIM,-7.213.740.041.479.460,-35.877.096.019.685.200
303,CONSUL JOSEPH NOUJUAIN HABIB NACAD,1433,0,,,,,,,,,,,,,,SIM,-7.246.171.971.783.040,-35.885.876.985.266.800
304,CONSUL JOSEPH NOUJUAIN HABIB NACAD,RES. ANA BEATRIZ,0,,,,,,,,,,,,,,,-7.243.864.014.744.750,-35.884.707.039.222.100
312,CONSUL JOSEPH NOUJUAIN HABIB NACAD,53,0,,,,,,,,,,,,,,,-7.242.131.978.273.390,-3.588.419.197.127.220
313,CONSUL JOSEPH NOUJUAIN HABIB NACAD,RESIDENCIAL,0,,,,,,,,,,,,,,,-72.435.890.045.017,-35.885.090.008.378.000
314,JOAO BATISTA DA SILVA,27,0,,,,,,,,,,,,,,,-7.243.451.038.375.490,-35.887.468.960.136.100
323,PEDRO LEAL,ESCOLA ESTADUAL AROLDO CRUZ - OPOSTO,0,,,,,,,,,,,,,,,-7.235.437.016.934.150,-35.886.055.016.890.100
529,TRAVESSA DO JUA,6,0,,,,,,,,,,,,,,,-7.256.137.970.834.970,-35.886.216.033.250.000
530,TRAVESSA DO JUA,14,0,,,,,,,,,,,,,,,-7.256.189.016.625.280,-35.886.536.976.322.500
531,TAMBOR,358,0,,,,,,,,,,,,,,,-7.254.993.002.861.730,-35.886.691.035.702.800
532,TAMBOR,183,0,,,,,,,,,,,,,,,-7.254.568.040.370.940,-35.886.720.037.087.700
533,TAMBOR,233 - OPOSTO,0,,,,,,,,,,,,,,,-7.252.970.030.531.280,-3.588.668.298.907.570
534,TAMBOR,209 - VIZINHO,0,,,,,,,,,,,,,,,-7.252.746.988.087.890,-35.886.665.973.812.300
535,TAMBOR,103 - OPOSTO,0,,,,,,,,,,,,,,,-7.251.583.999.022.840,-35.886.872.000.992.200
536,TAMBOR,12,0,,,,,,,,,,,,,,,-7.250.843.038.782.470,-35.887.190.010.398.600
537,TRAVESSA VENEZUELA,RETIFICA PARAIBANA,0,,,,,,,,,,,,,,SIM,-7.247.374.020.516.870,-35.886.807.041.242.700
538,VINTE E QUATRO DE MAIO,916,0,,,,,,,,,,,,,,,-7.242.022.007.703.780,-35.886.046.970.263.100
539,VINTE E QUATRO DE MAIO,618,0,,,,,,,,,,,,,,,-723.952.897.824.347,-35.886.073.037.981.900
540,VINTE E QUATRO DE MAIO,592,0,,,,,,,,,,,,,,,-723.935.597.576.201,-35.886.077.983.304.800
541,VINTE E QUATRO DE MAIO,293 - OPOSTO,0,,,,,,,,,,,,,,,-7.236.644.010.990.850,-35.885.984.022.170.300
542,VINTE E QUATRO DE MAIO,255,0,,,,,,,,,,,,,,,-7.236.344.022.676.340,-3.588.595.200.330.010
543,PRUDENTE DE MORAIS,420,0,,,,,,,,,,,,,,,-7.233.590.986.579.650,-35.885.190.004.482.800
544,PRUDENTE DE MORAIS,400 - OPOSTO,0,,,,,,,,,,,,,,SIM,-7.233.587.969.094.510,-35.885.191.010.311.200
546,PRUDENTE DE MORAIS,148,0,,,,,,,,,,,,,,,-7.231.603.972.613.810,-3.588.453.303.091.220
547,PRUDENTE DE MORAIS,163A,0,,,,,,,,,,,,,,,-7.231.288.980.692.620,-35.884.494.977.071.800
569,FLORIANO PEIXOTO,DAMAS,0,,,,,,,,,,,,,,SIM,-7.220.322.014.763.950,-35.885.846.978.053.400
576,FLORIANO PEIXOTO,PRACA DA BANDEIRA,0,,,,,,,,,,,,,,SIM,-7.219.895.962.625.740,-35.885.014.990.344.600
803,MAMEDE MOISES RAIA,141,0,,,,,,,,,,,,,,,-721.859.903.074.801,-35.868.038.032.203.900